Latitude ,Longitude ,Site Id,Date,Time,TOBS.I-1 (degC),SNWD.I-1 (in),SNWD (excluding 99.9),DateTime ,12 hour difference,trigger 
39.6,-106.55,1040,2019-02-01,0:00,-7.2,37,37,"43,497.00",,
39.6,-106.55,1040,2019-02-01,1:00,-7,37,37,"43,497.04",,
39.6,-106.55,1040,2019-02-01,2:00,-7.2,37,37,"43,497.08",,
39.6,-106.55,1040,2019-02-01,3:00,-6.5,37,37,"43,497.13",,
39.6,-106.55,1040,2019-02-01,4:00,-5.7,37,37,"43,497.17",,
39.6,-106.55,1040,2019-02-01,5:00,-5.6,37,37,"43,497.21",,
39.6,-106.55,1040,2019-02-01,6:00,-6,37,37,"43,497.25",,
39.6,-106.55,1040,2019-02-01,7:00,-6.7,38,38,"43,497.29",,
39.6,-106.55,1040,2019-02-01,8:00,-1.5,36,36,"43,497.33",,
39.6,-106.55,1040,2019-02-01,9:00,-0.3,35,35,"43,497.38",,
39.6,-106.55,1040,2019-02-01,10:00,1.7,35,35,"43,497.42",,
39.6,-106.55,1040,2019-02-01,11:00,4.1,35,35,"43,497.46",,
39.6,-106.55,1040,2019-02-01,12:00,4.5,34,34,"43,497.50",-3,
39.6,-106.55,1040,2019-02-01,13:00,5.8,34,34,"43,497.54",-3,
39.6,-106.55,1040,2019-02-01,14:00,3.8,35,35,"43,497.58",-2,
39.6,-106.55,1040,2019-02-01,15:00,3.4,35,35,"43,497.63",-2,
39.6,-106.55,1040,2019-02-01,16:00,-2.9,37,37,"43,497.67",0,
39.6,-106.55,1040,2019-02-01,17:00,-4.2,37,37,"43,497.71",0,
39.6,-106.55,1040,2019-02-01,18:00,-4.2,37,37,"43,497.75",0,
39.6,-106.55,1040,2019-02-01,19:00,-4.5,37,37,"43,497.79",-1,
39.6,-106.55,1040,2019-02-01,20:00,-5.2,37,37,"43,497.83",1,
39.6,-106.55,1040,2019-02-01,21:00,-6.7,38,38,"43,497.88",3,Trigger
39.6,-106.55,1040,2019-02-01,22:00,-6.7,37,37,"43,497.92",2,
39.6,-106.55,1040,2019-02-01,23:00,-5,37,37,"43,497.96",2,
39.6,-106.55,1040,2019-02-02,0:00,-5.2,37,37,"43,498.00",3,Trigger
39.6,-106.55,1040,2019-02-02,1:00,-5.4,37,37,"43,498.04",3,Trigger
39.6,-106.55,1040,2019-02-02,2:00,-5.9,37,37,"43,498.08",2,
39.6,-106.55,1040,2019-02-02,3:00,-4.9,37,37,"43,498.13",2,
39.6,-106.55,1040,2019-02-02,4:00,-5.6,37,37,"43,498.17",0,
39.6,-106.55,1040,2019-02-02,5:00,-5.2,37,37,"43,498.21",0,
39.6,-106.55,1040,2019-02-02,6:00,-4.7,37,37,"43,498.25",0,
39.6,-106.55,1040,2019-02-02,7:00,-5.2,37,37,"43,498.29",0,
39.6,-106.55,1040,2019-02-02,8:00,0.4,35,35,"43,498.33",-2,
39.6,-106.55,1040,2019-02-02,9:00,-0.6,35,35,"43,498.38",-3,
39.6,-106.55,1040,2019-02-02,10:00,2.8,35,35,"43,498.42",-2,
39.6,-106.55,1040,2019-02-02,11:00,1,35,35,"43,498.46",-2,
39.6,-106.55,1040,2019-02-02,12:00,1.5,34,34,"43,498.50",-3,
39.6,-106.55,1040,2019-02-02,13:00,3.3,34,34,"43,498.54",-3,
39.6,-106.55,1040,2019-02-02,14:00,5.5,35,35,"43,498.58",-2,
39.6,-106.55,1040,2019-02-02,15:00,0.8,36,36,"43,498.63",-1,
39.6,-106.55,1040,2019-02-02,16:00,0.3,37,37,"43,498.67",0,
39.6,-106.55,1040,2019-02-02,17:00,-2.7,37,37,"43,498.71",0,
39.6,-106.55,1040,2019-02-02,18:00,-2.4,37,37,"43,498.75",0,
39.6,-106.55,1040,2019-02-02,19:00,-2,37,37,"43,498.79",0,
39.6,-106.55,1040,2019-02-02,20:00,-2.5,37,37,"43,498.83",2,
39.6,-106.55,1040,2019-02-02,21:00,-2.4,37,37,"43,498.88",2,
39.6,-106.55,1040,2019-02-02,22:00,-2.4,37,37,"43,498.92",2,
39.6,-106.55,1040,2019-02-02,23:00,-1.6,37,37,"43,498.96",2,
39.6,-106.55,1040,2019-02-03,0:00,-2,37,37,"43,499.00",3,Trigger
39.6,-106.55,1040,2019-02-03,1:00,-1.8,37,37,"43,499.04",3,Trigger
39.6,-106.55,1040,2019-02-03,2:00,-1.8,37,37,"43,499.08",2,
39.6,-106.55,1040,2019-02-03,3:00,0.4,37,37,"43,499.13",1,
39.6,-106.55,1040,2019-02-03,4:00,-1.4,37,37,"43,499.17",0,
39.6,-106.55,1040,2019-02-03,5:00,-1,37,37,"43,499.21",0,
39.6,-106.55,1040,2019-02-03,6:00,0.2,37,37,"43,499.25",0,
39.6,-106.55,1040,2019-02-03,7:00,2.4,37,37,"43,499.29",0,
39.6,-106.55,1040,2019-02-03,8:00,1.1,36,36,"43,499.33",-1,
39.6,-106.55,1040,2019-02-03,9:00,3.7,36,36,"43,499.38",-1,
39.6,-106.55,1040,2019-02-03,10:00,3.7,36,36,"43,499.42",-1,
39.6,-106.55,1040,2019-02-03,11:00,-3.1,36,36,"43,499.46",-1,
39.6,-106.55,1040,2019-02-03,12:00,-2.7,37,37,"43,499.50",0,
39.6,-106.55,1040,2019-02-03,13:00,-2.6,38,38,"43,499.54",1,
39.6,-106.55,1040,2019-02-03,14:00,-2.9,38,38,"43,499.58",1,
39.6,-106.55,1040,2019-02-03,15:00,-2.7,39,39,"43,499.63",2,
39.6,-106.55,1040,2019-02-03,16:00,-3.7,38,38,"43,499.67",1,
39.6,-106.55,1040,2019-02-03,17:00,-4,-99.9,,"43,499.71",,
39.6,-106.55,1040,2019-02-03,18:00,-4.4,-99.9,,"43,499.75",,
39.6,-106.55,1040,2019-02-03,19:00,-4.7,38,38,"43,499.79",1,
39.6,-106.55,1040,2019-02-03,20:00,-5.4,38,38,"43,499.83",2,
39.6,-106.55,1040,2019-02-03,21:00,-4.2,38,38,"43,499.88",2,
39.6,-106.55,1040,2019-02-03,22:00,-4.4,39,39,"43,499.92",3,Trigger
39.6,-106.55,1040,2019-02-03,23:00,-4.6,38,38,"43,499.96",2,
39.6,-106.55,1040,2019-02-04,0:00,-4.4,39,39,"43,500.00",2,
39.6,-106.55,1040,2019-02-04,1:00,-4.4,40,40,"43,500.04",2,
39.6,-106.55,1040,2019-02-04,2:00,-4.6,40,40,"43,500.08",2,
39.6,-106.55,1040,2019-02-04,3:00,-4,39,39,"43,500.13",0,
39.6,-106.55,1040,2019-02-04,4:00,-4.7,39,39,"43,500.17",1,
39.6,-106.55,1040,2019-02-04,5:00,-5.4,39,39,"43,500.21",,Trigger
39.6,-106.55,1040,2019-02-04,6:00,-5.7,39,39,"43,500.25",,Trigger
39.6,-106.55,1040,2019-02-04,7:00,-3.7,39,39,"43,500.29",1,
39.6,-106.55,1040,2019-02-04,8:00,-0.8,38,38,"43,500.33",0,
39.6,-106.55,1040,2019-02-04,9:00,-1,39,39,"43,500.38",1,
39.6,-106.55,1040,2019-02-04,10:00,1.3,38,38,"43,500.42",-1,
39.6,-106.55,1040,2019-02-04,11:00,2.6,38,38,"43,500.46",0,
39.6,-106.55,1040,2019-02-04,12:00,1.8,38,38,"43,500.50",-1,
39.6,-106.55,1040,2019-02-04,13:00,2,38,38,"43,500.54",-2,
39.6,-106.55,1040,2019-02-04,14:00,0.1,38,38,"43,500.58",-2,
39.6,-106.55,1040,2019-02-04,15:00,-0.6,38,38,"43,500.63",-1,
39.6,-106.55,1040,2019-02-04,16:00,-1.2,39,39,"43,500.67",0,
39.6,-106.55,1040,2019-02-04,17:00,-1.3,39,39,"43,500.71",0,
39.6,-106.55,1040,2019-02-04,18:00,-2.2,39,39,"43,500.75",0,
39.6,-106.55,1040,2019-02-04,19:00,-3.6,39,39,"43,500.79",0,
39.6,-106.55,1040,2019-02-04,20:00,-3.4,39,39,"43,500.83",1,
39.6,-106.55,1040,2019-02-04,21:00,-2.8,39,39,"43,500.88",0,
39.6,-106.55,1040,2019-02-04,22:00,-3,42,42,"43,500.92",4,Trigger
39.6,-106.55,1040,2019-02-04,23:00,-3.5,42,42,"43,500.96",4,Trigger
39.6,-106.55,1040,2019-02-05,0:00,-2.4,42,42,"43,501.00",4,Trigger
39.6,-106.55,1040,2019-02-05,1:00,-2.4,42,42,"43,501.04",4,Trigger
39.6,-106.55,1040,2019-02-05,2:00,-3.4,42,42,"43,501.08",4,Trigger
39.6,-106.55,1040,2019-02-05,3:00,-3.6,-99.9,,"43,501.13",,
39.6,-106.55,1040,2019-02-05,4:00,-3.8,45,45,"43,501.17",6,Trigger
39.6,-106.55,1040,2019-02-05,5:00,-4.2,-99.9,,"43,501.21",,
39.6,-106.55,1040,2019-02-05,6:00,-4.7,-99.9,,"43,501.25",,
39.6,-106.55,1040,2019-02-05,7:00,-5,46,46,"43,501.29",7,Trigger
39.6,-106.55,1040,2019-02-05,8:00,-3.2,46,46,"43,501.33",7,Trigger
39.6,-106.55,1040,2019-02-05,9:00,-3.2,46,46,"43,501.38",7,Trigger
39.6,-106.55,1040,2019-02-05,10:00,-0.2,45,45,"43,501.42",3,Trigger
39.6,-106.55,1040,2019-02-05,11:00,0.5,44,44,"43,501.46",2,
39.6,-106.55,1040,2019-02-05,12:00,-0.6,45,45,"43,501.50",3,Trigger
39.6,-106.55,1040,2019-02-05,13:00,0,44,44,"43,501.54",2,
39.6,-106.55,1040,2019-02-05,14:00,-1.8,45,45,"43,501.58",3,Trigger
39.6,-106.55,1040,2019-02-05,15:00,-2,45,45,"43,501.63",,Trigger
39.6,-106.55,1040,2019-02-05,16:00,-2.8,45,45,"43,501.67",0,
39.6,-106.55,1040,2019-02-05,17:00,-3.7,45,45,"43,501.71",,Trigger
39.6,-106.55,1040,2019-02-05,18:00,-3.5,45,45,"43,501.75",,Trigger
39.6,-106.55,1040,2019-02-05,19:00,-3.6,45,45,"43,501.79",-1,
39.6,-106.55,1040,2019-02-05,20:00,-4,45,45,"43,501.83",-1,
39.6,-106.55,1040,2019-02-05,21:00,-4.1,45,45,"43,501.88",-1,
39.6,-106.55,1040,2019-02-05,22:00,-4.2,45,45,"43,501.92",0,
39.6,-106.55,1040,2019-02-05,23:00,-4.7,45,45,"43,501.96",1,
39.6,-106.55,1040,2019-02-06,0:00,-5.7,45,45,"43,502.00",0,
39.6,-106.55,1040,2019-02-06,1:00,-5.8,45,45,"43,502.04",1,
39.6,-106.55,1040,2019-02-06,2:00,-4.6,45,45,"43,502.08",0,
39.6,-106.55,1040,2019-02-06,3:00,-6,44,44,"43,502.13",-1,
39.6,-106.55,1040,2019-02-06,4:00,-6.8,45,45,"43,502.17",0,
39.6,-106.55,1040,2019-02-06,5:00,-6.6,44,44,"43,502.21",-1,
39.6,-106.55,1040,2019-02-06,6:00,-7.2,47,47,"43,502.25",2,
39.6,-106.55,1040,2019-02-06,7:00,-7,47,47,"43,502.29",2,
39.6,-106.55,1040,2019-02-06,8:00,-8.2,48,48,"43,502.33",3,Trigger
39.6,-106.55,1040,2019-02-06,9:00,-8.9,48,48,"43,502.38",3,Trigger
39.6,-106.55,1040,2019-02-06,10:00,-8.6,48,48,"43,502.42",3,Trigger
39.6,-106.55,1040,2019-02-06,11:00,-8.7,48,48,"43,502.46",3,Trigger
39.6,-106.55,1040,2019-02-06,12:00,-7.4,48,48,"43,502.50",3,Trigger
39.6,-106.55,1040,2019-02-06,13:00,-7.6,48,48,"43,502.54",3,Trigger
39.6,-106.55,1040,2019-02-06,14:00,-6.6,48,48,"43,502.58",3,Trigger
39.6,-106.55,1040,2019-02-06,15:00,-9.9,48,48,"43,502.63",4,Trigger
39.6,-106.55,1040,2019-02-06,16:00,-11.6,48,48,"43,502.67",3,Trigger
39.6,-106.55,1040,2019-02-06,17:00,-12.6,48,48,"43,502.71",4,Trigger
39.6,-106.55,1040,2019-02-06,18:00,-12.2,48,48,"43,502.75",1,
39.6,-106.55,1040,2019-02-06,19:00,-12.7,49,49,"43,502.79",2,
39.6,-106.55,1040,2019-02-06,20:00,-12.8,49,49,"43,502.83",1,
39.6,-106.55,1040,2019-02-06,21:00,-13.4,49,49,"43,502.88",1,
39.6,-106.55,1040,2019-02-06,22:00,-14.5,50,50,"43,502.92",2,
39.6,-106.55,1040,2019-02-06,23:00,-15.5,51,51,"43,502.96",3,Trigger
39.6,-106.55,1040,2019-02-07,0:00,-16.2,51,51,"43,503.00",3,Trigger
39.6,-106.55,1040,2019-02-07,1:00,-16.8,51,51,"43,503.04",3,Trigger
39.6,-106.55,1040,2019-02-07,2:00,-16.8,51,51,"43,503.08",3,Trigger
39.6,-106.55,1040,2019-02-07,3:00,-17.1,51,51,"43,503.13",3,Trigger
39.6,-106.55,1040,2019-02-07,4:00,-17.3,51,51,"43,503.17",3,Trigger
39.6,-106.55,1040,2019-02-07,5:00,-17.6,51,51,"43,503.21",3,Trigger
39.6,-106.55,1040,2019-02-07,6:00,-17.7,50,50,"43,503.25",2,
39.6,-106.55,1040,2019-02-07,7:00,-17.4,50,50,"43,503.29",1,
39.6,-106.55,1040,2019-02-07,8:00,-16.6,50,50,"43,503.33",1,
39.6,-106.55,1040,2019-02-07,9:00,-14.9,49,49,"43,503.38",0,
39.6,-106.55,1040,2019-02-07,10:00,-14.9,49,49,"43,503.42",-1,
39.6,-106.55,1040,2019-02-07,11:00,-15.2,49,49,"43,503.46",-2,
39.6,-106.55,1040,2019-02-07,12:00,-14.8,49,49,"43,503.50",-2,
39.6,-106.55,1040,2019-02-07,13:00,-14.7,49,49,"43,503.54",-2,
39.6,-106.55,1040,2019-02-07,14:00,-14.2,49,49,"43,503.58",-2,
39.6,-106.55,1040,2019-02-07,15:00,-15,49,49,"43,503.63",-2,
39.6,-106.55,1040,2019-02-07,16:00,-15.9,49,49,"43,503.67",-2,
39.6,-106.55,1040,2019-02-07,17:00,-17.4,49,49,"43,503.71",-2,
39.6,-106.55,1040,2019-02-07,18:00,-19,49,49,"43,503.75",-1,
39.6,-106.55,1040,2019-02-07,19:00,-18.7,49,49,"43,503.79",-1,
39.6,-106.55,1040,2019-02-07,20:00,-19.9,48,48,"43,503.83",-2,
39.6,-106.55,1040,2019-02-07,21:00,-19,49,49,"43,503.88",0,
39.6,-106.55,1040,2019-02-07,22:00,-18.3,49,49,"43,503.92",0,
39.6,-106.55,1040,2019-02-07,23:00,-17.9,49,49,"43,503.96",0,
39.6,-106.55,1040,2019-02-08,0:00,-17.4,49,49,"43,504.00",0,
39.6,-106.55,1040,2019-02-08,1:00,-17,48,48,"43,504.04",-1,
39.6,-106.55,1040,2019-02-08,2:00,-16.6,48,48,"43,504.08",-1,
39.6,-106.55,1040,2019-02-08,3:00,-15.9,48,48,"43,504.13",-1,
39.6,-106.55,1040,2019-02-08,4:00,-17.9,48,48,"43,504.17",-1,
39.6,-106.55,1040,2019-02-08,5:00,-17.6,48,48,"43,504.21",-1,
39.6,-106.55,1040,2019-02-08,6:00,-17.7,48,48,"43,504.25",-1,
39.6,-106.55,1040,2019-02-08,7:00,-12.7,48,48,"43,504.29",-1,
39.6,-106.55,1040,2019-02-08,8:00,-9,47,47,"43,504.33",-1,
39.6,-106.55,1040,2019-02-08,9:00,-5.6,45,45,"43,504.38",-4,
39.6,-106.55,1040,2019-02-08,10:00,-5.4,45,45,"43,504.42",-4,
39.6,-106.55,1040,2019-02-08,11:00,-3.8,45,45,"43,504.46",-4,
39.6,-106.55,1040,2019-02-08,12:00,-5.2,45,45,"43,504.50",-4,
39.6,-106.55,1040,2019-02-08,13:00,-2.1,45,45,"43,504.54",-3,
39.6,-106.55,1040,2019-02-08,14:00,-5,45,45,"43,504.58",-3,
39.6,-106.55,1040,2019-02-08,15:00,-5.5,45,45,"43,504.63",-3,
39.6,-106.55,1040,2019-02-08,16:00,-8.2,46,46,"43,504.67",-2,
39.6,-106.55,1040,2019-02-08,17:00,-9.2,47,47,"43,504.71",-1,
39.6,-106.55,1040,2019-02-08,18:00,-8.6,47,47,"43,504.75",-1,
39.6,-106.55,1040,2019-02-08,19:00,-9.6,47,47,"43,504.79",-1,
39.6,-106.55,1040,2019-02-08,20:00,-8.4,47,47,"43,504.83",0,
39.6,-106.55,1040,2019-02-08,21:00,-8,46,46,"43,504.88",1,
39.6,-106.55,1040,2019-02-08,22:00,-8.5,47,47,"43,504.92",2,
39.6,-106.55,1040,2019-02-08,23:00,-8.4,47,47,"43,504.96",2,
39.6,-106.55,1040,2019-02-09,0:00,-9.2,46,46,"43,505.00",1,
39.6,-106.55,1040,2019-02-09,1:00,-9.6,46,46,"43,505.04",1,
39.6,-106.55,1040,2019-02-09,2:00,-9.1,46,46,"43,505.08",1,
39.6,-106.55,1040,2019-02-09,3:00,-8.9,46,46,"43,505.13",1,
39.6,-106.55,1040,2019-02-09,4:00,-8.3,46,46,"43,505.17",0,
39.6,-106.55,1040,2019-02-09,5:00,-9.6,46,46,"43,505.21",-1,
39.6,-106.55,1040,2019-02-09,6:00,-9.1,46,46,"43,505.25",-1,
39.6,-106.55,1040,2019-02-09,7:00,-6.5,46,46,"43,505.29",-1,
39.6,-106.55,1040,2019-02-09,8:00,-4.8,45,45,"43,505.33",-2,
39.6,-106.55,1040,2019-02-09,9:00,-2.6,45,45,"43,505.38",-1,
39.6,-106.55,1040,2019-02-09,10:00,-1.5,45,45,"43,505.42",-2,
39.6,-106.55,1040,2019-02-09,11:00,0,45,45,"43,505.46",-2,
39.6,-106.55,1040,2019-02-09,12:00,-0.1,45,45,"43,505.50",-1,
39.6,-106.55,1040,2019-02-09,13:00,-0.6,45,45,"43,505.54",-1,
39.6,-106.55,1040,2019-02-09,14:00,-0.7,45,45,"43,505.58",-1,
39.6,-106.55,1040,2019-02-09,15:00,-1.5,44,44,"43,505.63",-2,
39.6,-106.55,1040,2019-02-09,16:00,-1.8,45,45,"43,505.67",-1,
39.6,-106.55,1040,2019-02-09,17:00,-2.5,44,44,"43,505.71",-2,
39.6,-106.55,1040,2019-02-09,18:00,-2.9,45,45,"43,505.75",-1,
39.6,-106.55,1040,2019-02-09,19:00,-4.8,45,45,"43,505.79",-1,
39.6,-106.55,1040,2019-02-09,20:00,-5.3,45,45,"43,505.83",0,
39.6,-106.55,1040,2019-02-09,21:00,-4.8,45,45,"43,505.88",0,
39.6,-106.55,1040,2019-02-09,22:00,-5.6,45,45,"43,505.92",0,
39.6,-106.55,1040,2019-02-09,23:00,-6.8,45,45,"43,505.96",0,
39.6,-106.55,1040,2019-02-10,0:00,-8.4,45,45,"43,506.00",0,
39.6,-106.55,1040,2019-02-10,1:00,-8.1,45,45,"43,506.04",0,
39.6,-106.55,1040,2019-02-10,2:00,-9,44,44,"43,506.08",-1,
39.6,-106.55,1040,2019-02-10,3:00,-9.2,45,45,"43,506.13",1,
39.6,-106.55,1040,2019-02-10,4:00,-11.2,45,45,"43,506.17",0,
39.6,-106.55,1040,2019-02-10,5:00,-10.6,45,45,"43,506.21",1,
39.6,-106.55,1040,2019-02-10,6:00,-11.1,45,45,"43,506.25",0,
39.6,-106.55,1040,2019-02-10,7:00,-11.3,44,44,"43,506.29",-1,
39.6,-106.55,1040,2019-02-10,8:00,-5.3,42,42,"43,506.33",-3,
39.6,-106.55,1040,2019-02-10,9:00,-5.6,42,42,"43,506.38",-3,
39.6,-106.55,1040,2019-02-10,10:00,-2.2,42,42,"43,506.42",-3,
39.6,-106.55,1040,2019-02-10,11:00,-3.6,42,42,"43,506.46",-3,
39.6,-106.55,1040,2019-02-10,12:00,2.4,41,41,"43,506.50",-4,
39.6,-106.55,1040,2019-02-10,13:00,-0.6,42,42,"43,506.54",-3,
39.6,-106.55,1040,2019-02-10,14:00,0.3,43,43,"43,506.58",-1,
39.6,-106.55,1040,2019-02-10,15:00,-0.8,43,43,"43,506.63",-2,
39.6,-106.55,1040,2019-02-10,16:00,-1.8,43,43,"43,506.67",-2,
39.6,-106.55,1040,2019-02-10,17:00,-2.4,44,44,"43,506.71",-1,
39.6,-106.55,1040,2019-02-10,18:00,-3.4,44,44,"43,506.75",-1,
39.6,-106.55,1040,2019-02-10,19:00,-4.5,44,44,"43,506.79",0,
39.6,-106.55,1040,2019-02-10,20:00,-3.5,44,44,"43,506.83",2,
39.6,-106.55,1040,2019-02-10,21:00,-3.9,43,43,"43,506.88",1,
39.6,-106.55,1040,2019-02-10,22:00,-4.4,44,44,"43,506.92",2,
39.6,-106.55,1040,2019-02-10,23:00,-4.6,43,43,"43,506.96",1,
39.6,-106.55,1040,2019-02-11,0:00,-5.5,43,43,"43,507.00",2,
39.6,-106.55,1040,2019-02-11,1:00,-7,44,44,"43,507.04",2,
39.6,-106.55,1040,2019-02-11,2:00,-6.6,43,43,"43,507.08",0,
39.6,-106.55,1040,2019-02-11,3:00,-7.8,43,43,"43,507.13",0,
39.6,-106.55,1040,2019-02-11,4:00,-8.4,44,44,"43,507.17",1,
39.6,-106.55,1040,2019-02-11,5:00,-8.6,44,44,"43,507.21",0,
39.6,-106.55,1040,2019-02-11,6:00,-10.1,43,43,"43,507.25",-1,
39.6,-106.55,1040,2019-02-11,7:00,-10.1,44,44,"43,507.29",0,
39.6,-106.55,1040,2019-02-11,8:00,-8.7,42,42,"43,507.33",-2,
39.6,-106.55,1040,2019-02-11,9:00,-9,44,44,"43,507.38",1,
39.6,-106.55,1040,2019-02-11,10:00,-10.7,42,42,"43,507.42",-2,
39.6,-106.55,1040,2019-02-11,11:00,-11.1,44,44,"43,507.46",1,
39.6,-106.55,1040,2019-02-11,12:00,-8.4,43,43,"43,507.50",0,
39.6,-106.55,1040,2019-02-11,13:00,-8.7,43,43,"43,507.54",-1,
39.6,-106.55,1040,2019-02-11,14:00,-4.8,43,43,"43,507.58",0,
39.6,-106.55,1040,2019-02-11,15:00,-9.3,44,44,"43,507.63",1,
39.6,-106.55,1040,2019-02-11,16:00,-10,44,44,"43,507.67",0,
39.6,-106.55,1040,2019-02-11,17:00,-11,44,44,"43,507.71",0,
39.6,-106.55,1040,2019-02-11,18:00,-12.6,44,44,"43,507.75",1,
39.6,-106.55,1040,2019-02-11,19:00,-12.6,44,44,"43,507.79",0,
39.6,-106.55,1040,2019-02-11,20:00,-15,44,44,"43,507.83",2,
39.6,-106.55,1040,2019-02-11,21:00,-13.6,43,43,"43,507.88",-1,
39.6,-106.55,1040,2019-02-11,22:00,-15.5,44,44,"43,507.92",2,
39.6,-106.55,1040,2019-02-11,23:00,-15.5,44,44,"43,507.96",0,
39.6,-106.55,1040,2019-02-12,0:00,-15.9,44,44,"43,508.00",1,
39.6,-106.55,1040,2019-02-12,1:00,-15.7,44,44,"43,508.04",1,
39.6,-106.55,1040,2019-02-12,2:00,-15.5,44,44,"43,508.08",1,
39.6,-106.55,1040,2019-02-12,3:00,-15.6,42,42,"43,508.13",-2,
39.6,-106.55,1040,2019-02-12,4:00,-14.9,42,42,"43,508.17",-2,
39.6,-106.55,1040,2019-02-12,5:00,-15,43,43,"43,508.21",-1,
39.6,-106.55,1040,2019-02-12,6:00,-13,44,44,"43,508.25",0,
39.6,-106.55,1040,2019-02-12,7:00,-11.7,44,44,"43,508.29",0,
39.6,-106.55,1040,2019-02-12,8:00,-7.6,43,43,"43,508.33",-1,
39.6,-106.55,1040,2019-02-12,9:00,-6.7,42,42,"43,508.38",-1,
39.6,-106.55,1040,2019-02-12,10:00,-5.9,42,42,"43,508.42",-2,
39.6,-106.55,1040,2019-02-12,11:00,0.3,41,41,"43,508.46",-3,
39.6,-106.55,1040,2019-02-12,12:00,-0.7,41,41,"43,508.50",-3,
39.6,-106.55,1040,2019-02-12,13:00,0,41,41,"43,508.54",-3,
39.6,-106.55,1040,2019-02-12,14:00,-0.7,42,42,"43,508.58",-2,
39.6,-106.55,1040,2019-02-12,15:00,-3.5,42,42,"43,508.63",0,
39.6,-106.55,1040,2019-02-12,16:00,-4.8,43,43,"43,508.67",1,
39.6,-106.55,1040,2019-02-12,17:00,-6.2,43,43,"43,508.71",0,
39.6,-106.55,1040,2019-02-12,18:00,-6.7,44,44,"43,508.75",0,
39.6,-106.55,1040,2019-02-12,19:00,-7.6,44,44,"43,508.79",0,
39.6,-106.55,1040,2019-02-12,20:00,-7.6,43,43,"43,508.83",0,
39.6,-106.55,1040,2019-02-12,21:00,-6.7,44,44,"43,508.88",2,
39.6,-106.55,1040,2019-02-12,22:00,-6.7,43,43,"43,508.92",1,
39.6,-106.55,1040,2019-02-12,23:00,-6.7,44,44,"43,508.96",3,Trigger
39.6,-106.55,1040,2019-02-13,0:00,-6.5,43,43,"43,509.00",2,
39.6,-106.55,1040,2019-02-13,1:00,-7.1,43,43,"43,509.04",2,
39.6,-106.55,1040,2019-02-13,2:00,-7,43,43,"43,509.08",1,
39.6,-106.55,1040,2019-02-13,3:00,-6.6,43,43,"43,509.13",1,
39.6,-106.55,1040,2019-02-13,4:00,-6.3,43,43,"43,509.17",0,
39.6,-106.55,1040,2019-02-13,5:00,-3.8,43,43,"43,509.21",0,
39.6,-106.55,1040,2019-02-13,6:00,-4.6,43,43,"43,509.25",-1,
39.6,-106.55,1040,2019-02-13,7:00,-4.3,42,42,"43,509.29",-2,
39.6,-106.55,1040,2019-02-13,8:00,-1.5,42,42,"43,509.33",-1,
39.6,-106.55,1040,2019-02-13,9:00,0.5,42,42,"43,509.38",-2,
39.6,-106.55,1040,2019-02-13,10:00,1,42,42,"43,509.42",-1,
39.6,-106.55,1040,2019-02-13,11:00,-0.7,42,42,"43,509.46",-2,
39.6,-106.55,1040,2019-02-13,12:00,0.2,42,42,"43,509.50",-1,
39.6,-106.55,1040,2019-02-13,13:00,-1.4,42,42,"43,509.54",-1,
39.6,-106.55,1040,2019-02-13,14:00,-3.1,42,42,"43,509.58",-1,
39.6,-106.55,1040,2019-02-13,15:00,-4.4,42,42,"43,509.63",-1,
39.6,-106.55,1040,2019-02-13,16:00,-4.7,43,43,"43,509.67",0,
39.6,-106.55,1040,2019-02-13,17:00,-5.2,44,44,"43,509.71",1,
39.6,-106.55,1040,2019-02-13,18:00,-5.4,44,44,"43,509.75",1,
39.6,-106.55,1040,2019-02-13,19:00,-5.5,44,44,"43,509.79",2,
39.6,-106.55,1040,2019-02-13,20:00,-5.6,44,44,"43,509.83",2,
39.6,-106.55,1040,2019-02-13,21:00,-5.5,45,45,"43,509.88",3,Trigger
39.6,-106.55,1040,2019-02-13,22:00,-5.4,45,45,"43,509.92",3,Trigger
39.6,-106.55,1040,2019-02-13,23:00,-5.5,44,44,"43,509.96",2,
39.6,-106.55,1040,2019-02-14,0:00,-5.6,45,45,"43,510.00",3,Trigger
39.6,-106.55,1040,2019-02-14,1:00,-5.4,45,45,"43,510.04",3,Trigger
39.6,-106.55,1040,2019-02-14,2:00,-4,45,45,"43,510.08",3,Trigger
39.6,-106.55,1040,2019-02-14,3:00,-4.1,45,45,"43,510.13",3,Trigger
39.6,-106.55,1040,2019-02-14,4:00,-4.4,45,45,"43,510.17",2,
39.6,-106.55,1040,2019-02-14,5:00,-3.4,45,45,"43,510.21",1,
39.6,-106.55,1040,2019-02-14,6:00,-3.4,45,45,"43,510.25",1,
39.6,-106.55,1040,2019-02-14,7:00,-4.1,45,45,"43,510.29",1,
39.6,-106.55,1040,2019-02-14,8:00,-3.8,45,45,"43,510.33",1,
39.6,-106.55,1040,2019-02-14,9:00,-2.9,44,44,"43,510.38",-1,
39.6,-106.55,1040,2019-02-14,10:00,-2.2,44,44,"43,510.42",-1,
39.6,-106.55,1040,2019-02-14,11:00,-1.3,44,44,"43,510.46",0,
39.6,-106.55,1040,2019-02-14,12:00,-0.3,44,44,"43,510.50",-1,
39.6,-106.55,1040,2019-02-14,13:00,-0.9,44,44,"43,510.54",-1,
39.6,-106.55,1040,2019-02-14,14:00,-0.2,44,44,"43,510.58",-1,
39.6,-106.55,1040,2019-02-14,15:00,-1.6,44,44,"43,510.63",-1,
39.6,-106.55,1040,2019-02-14,16:00,-2.1,44,44,"43,510.67",-1,
39.6,-106.55,1040,2019-02-14,17:00,-2.2,45,45,"43,510.71",0,
39.6,-106.55,1040,2019-02-14,18:00,-2.2,45,45,"43,510.75",0,
39.6,-106.55,1040,2019-02-14,19:00,-2.3,45,45,"43,510.79",0,
39.6,-106.55,1040,2019-02-14,20:00,-2.4,45,45,"43,510.83",0,
39.6,-106.55,1040,2019-02-14,21:00,-2.4,45,45,"43,510.88",1,
39.6,-106.55,1040,2019-02-14,22:00,-2.4,45,45,"43,510.92",1,
39.6,-106.55,1040,2019-02-14,23:00,-2.1,45,45,"43,510.96",1,
39.6,-106.55,1040,2019-02-15,0:00,-2.2,44,44,"43,511.00",0,
39.6,-106.55,1040,2019-02-15,1:00,-1.1,45,45,"43,511.04",1,
39.6,-106.55,1040,2019-02-15,2:00,-2,45,45,"43,511.08",1,
39.6,-106.55,1040,2019-02-15,3:00,-3.2,45,45,"43,511.13",1,
39.6,-106.55,1040,2019-02-15,4:00,-3,45,45,"43,511.17",1,
39.6,-106.55,1040,2019-02-15,5:00,-3,45,45,"43,511.21",0,
39.6,-106.55,1040,2019-02-15,6:00,-3.6,44,44,"43,511.25",-1,
39.6,-106.55,1040,2019-02-15,7:00,-3.7,43,43,"43,511.29",-2,
39.6,-106.55,1040,2019-02-15,8:00,-3,43,43,"43,511.33",-2,
39.6,-106.55,1040,2019-02-15,9:00,-2,44,44,"43,511.38",-1,
39.6,-106.55,1040,2019-02-15,10:00,-1.8,44,44,"43,511.42",-1,
39.6,-106.55,1040,2019-02-15,11:00,-2.7,43,43,"43,511.46",-2,
39.6,-106.55,1040,2019-02-15,12:00,0.3,43,43,"43,511.50",-1,
39.6,-106.55,1040,2019-02-15,13:00,-0.9,42,42,"43,511.54",-3,
39.6,-106.55,1040,2019-02-15,14:00,0.7,42,42,"43,511.58",-3,
39.6,-106.55,1040,2019-02-15,15:00,0.7,43,43,"43,511.63",-2,
39.6,-106.55,1040,2019-02-15,16:00,-0.1,44,44,"43,511.67",-1,
39.6,-106.55,1040,2019-02-15,17:00,-2.5,44,44,"43,511.71",-1,
39.6,-106.55,1040,2019-02-15,18:00,-2.3,44,44,"43,511.75",0,
39.6,-106.55,1040,2019-02-15,19:00,-5.2,44,44,"43,511.79",1,
39.6,-106.55,1040,2019-02-15,20:00,-5.6,44,44,"43,511.83",1,
39.6,-106.55,1040,2019-02-15,21:00,-5.4,44,44,"43,511.88",0,
39.6,-106.55,1040,2019-02-15,22:00,-6.7,44,44,"43,511.92",0,
39.6,-106.55,1040,2019-02-15,23:00,-6.6,45,45,"43,511.96",2,
39.6,-106.55,1040,2019-02-16,0:00,-5,44,44,"43,512.00",1,
39.6,-106.55,1040,2019-02-16,1:00,-5.2,44,44,"43,512.04",2,
39.6,-106.55,1040,2019-02-16,2:00,-6.3,44,44,"43,512.08",2,
39.6,-106.55,1040,2019-02-16,3:00,-7.2,44,44,"43,512.13",1,
39.6,-106.55,1040,2019-02-16,4:00,-7.8,-99.9,,"43,512.17",,
39.6,-106.55,1040,2019-02-16,5:00,-8,-99.9,,"43,512.21",,
39.6,-106.55,1040,2019-02-16,6:00,-8.2,48,48,"43,512.25",4,Trigger
39.6,-106.55,1040,2019-02-16,7:00,-7.6,48,48,"43,512.29",4,Trigger
39.6,-106.55,1040,2019-02-16,8:00,-8.4,48,48,"43,512.33",4,Trigger
39.6,-106.55,1040,2019-02-16,9:00,-10.4,50,50,"43,512.38",6,Trigger
39.6,-106.55,1040,2019-02-16,10:00,-7.6,52,52,"43,512.42",8,Trigger
39.6,-106.55,1040,2019-02-16,11:00,-7.1,52,52,"43,512.46",7,Trigger
39.6,-106.55,1040,2019-02-16,12:00,-6.5,52,52,"43,512.50",8,Trigger
39.6,-106.55,1040,2019-02-16,13:00,-10.6,55,55,"43,512.54",11,Trigger
39.6,-106.55,1040,2019-02-16,14:00,-10.7,55,55,"43,512.58",11,Trigger
39.6,-106.55,1040,2019-02-16,15:00,-9.7,55,55,"43,512.63",11,Trigger
39.6,-106.55,1040,2019-02-16,16:00,-9.1,55,55,"43,512.67",,Trigger
39.6,-106.55,1040,2019-02-16,17:00,-13.4,55,55,"43,512.71",,Trigger
39.6,-106.55,1040,2019-02-16,18:00,-15.2,55,55,"43,512.75",7,Trigger
39.6,-106.55,1040,2019-02-16,19:00,-14.7,55,55,"43,512.79",7,Trigger
39.6,-106.55,1040,2019-02-16,20:00,-14.7,55,55,"43,512.83",7,Trigger
39.6,-106.55,1040,2019-02-16,21:00,-14.6,55,55,"43,512.88",5,Trigger
39.6,-106.55,1040,2019-02-16,22:00,-15,55,55,"43,512.92",3,Trigger
39.6,-106.55,1040,2019-02-16,23:00,-15.2,55,55,"43,512.96",3,Trigger
39.6,-106.55,1040,2019-02-17,0:00,-15.9,54,54,"43,513.00",2,
39.6,-106.55,1040,2019-02-17,1:00,-15,54,54,"43,513.04",-1,
39.6,-106.55,1040,2019-02-17,2:00,-15,54,54,"43,513.08",-1,
39.6,-106.55,1040,2019-02-17,3:00,-14.8,54,54,"43,513.13",-1,
39.6,-106.55,1040,2019-02-17,4:00,-14.9,54,54,"43,513.17",-1,
39.6,-106.55,1040,2019-02-17,5:00,-15.2,54,54,"43,513.21",-1,
39.6,-106.55,1040,2019-02-17,6:00,-15.5,54,54,"43,513.25",-1,
39.6,-106.55,1040,2019-02-17,7:00,-14,54,54,"43,513.29",-1,
39.6,-106.55,1040,2019-02-17,8:00,-11.1,53,53,"43,513.33",-2,
39.6,-106.55,1040,2019-02-17,9:00,-6.5,52,52,"43,513.38",-3,
39.6,-106.55,1040,2019-02-17,10:00,-7.9,52,52,"43,513.42",-3,
39.6,-106.55,1040,2019-02-17,11:00,-10.8,52,52,"43,513.46",-3,
39.6,-106.55,1040,2019-02-17,12:00,-9.6,52,52,"43,513.50",-2,
39.6,-106.55,1040,2019-02-17,13:00,-9.7,52,52,"43,513.54",-2,
39.6,-106.55,1040,2019-02-17,14:00,-6.8,51,51,"43,513.58",-3,
39.6,-106.55,1040,2019-02-17,15:00,-9.6,52,52,"43,513.63",-2,
39.6,-106.55,1040,2019-02-17,16:00,-10.4,53,53,"43,513.67",-1,
39.6,-106.55,1040,2019-02-17,17:00,-13.3,53,53,"43,513.71",-1,
39.6,-106.55,1040,2019-02-17,18:00,-11.6,52,52,"43,513.75",-2,
39.6,-106.55,1040,2019-02-17,19:00,-10.9,53,53,"43,513.79",-1,
39.6,-106.55,1040,2019-02-17,20:00,-11.8,52,52,"43,513.83",-1,
39.6,-106.55,1040,2019-02-17,21:00,-11.5,52,52,"43,513.88",0,
39.6,-106.55,1040,2019-02-17,22:00,-12.1,52,52,"43,513.92",0,
39.6,-106.55,1040,2019-02-17,23:00,-11.2,52,52,"43,513.96",0,
39.6,-106.55,1040,2019-02-18,0:00,-12.9,52,52,"43,514.00",0,
39.6,-106.55,1040,2019-02-18,1:00,-12.5,53,53,"43,514.04",1,
39.6,-106.55,1040,2019-02-18,2:00,-12.8,52,52,"43,514.08",1,
39.6,-106.55,1040,2019-02-18,3:00,-15.7,52,52,"43,514.13",0,
39.6,-106.55,1040,2019-02-18,4:00,-14.6,52,52,"43,514.17",-1,
39.6,-106.55,1040,2019-02-18,5:00,-15,52,52,"43,514.21",-1,
39.6,-106.55,1040,2019-02-18,6:00,-15.4,52,52,"43,514.25",0,
39.6,-106.55,1040,2019-02-18,7:00,-15,52,52,"43,514.29",-1,
39.6,-106.55,1040,2019-02-18,8:00,-10.4,50,50,"43,514.33",-2,
39.6,-106.55,1040,2019-02-18,9:00,-7.9,49,49,"43,514.38",-3,
39.6,-106.55,1040,2019-02-18,10:00,-8.9,49,49,"43,514.42",-3,
39.6,-106.55,1040,2019-02-18,11:00,-5,49,49,"43,514.46",-3,
39.6,-106.55,1040,2019-02-18,12:00,-3.1,49,49,"43,514.50",-3,
39.6,-106.55,1040,2019-02-18,13:00,-6.9,50,50,"43,514.54",-3,
39.6,-106.55,1040,2019-02-18,14:00,-9.6,50,50,"43,514.58",-2,
39.6,-106.55,1040,2019-02-18,15:00,-9.2,51,51,"43,514.63",-1,
39.6,-106.55,1040,2019-02-18,16:00,-9,51,51,"43,514.67",-1,
39.6,-106.55,1040,2019-02-18,17:00,-10.3,51,51,"43,514.71",-1,
39.6,-106.55,1040,2019-02-18,18:00,-10.2,51,51,"43,514.75",-1,
39.6,-106.55,1040,2019-02-18,19:00,-10.3,51,51,"43,514.79",-1,
39.6,-106.55,1040,2019-02-18,20:00,-11,51,51,"43,514.83",1,
39.6,-106.55,1040,2019-02-18,21:00,-11.1,51,51,"43,514.88",2,
39.6,-106.55,1040,2019-02-18,22:00,-12,51,51,"43,514.92",2,
39.6,-106.55,1040,2019-02-18,23:00,-11.4,51,51,"43,514.96",2,
39.6,-106.55,1040,2019-02-19,0:00,-11.3,51,51,"43,515.00",2,
39.6,-106.55,1040,2019-02-19,1:00,-11.4,51,51,"43,515.04",1,
39.6,-106.55,1040,2019-02-19,2:00,-11.6,51,51,"43,515.08",1,
39.6,-106.55,1040,2019-02-19,3:00,-11.6,51,51,"43,515.13",0,
39.6,-106.55,1040,2019-02-19,4:00,-11.9,51,51,"43,515.17",0,
39.6,-106.55,1040,2019-02-19,5:00,-12.4,51,51,"43,515.21",0,
39.6,-106.55,1040,2019-02-19,6:00,-12.6,51,51,"43,515.25",0,
39.6,-106.55,1040,2019-02-19,7:00,-11.5,51,51,"43,515.29",0,
39.6,-106.55,1040,2019-02-19,8:00,-11.8,52,52,"43,515.33",1,
39.6,-106.55,1040,2019-02-19,9:00,-9.3,51,51,"43,515.38",0,
39.6,-106.55,1040,2019-02-19,10:00,-8.5,51,51,"43,515.42",0,
39.6,-106.55,1040,2019-02-19,11:00,-10.8,51,51,"43,515.46",0,
39.6,-106.55,1040,2019-02-19,12:00,-9.3,51,51,"43,515.50",0,
39.6,-106.55,1040,2019-02-19,13:00,-9.6,51,51,"43,515.54",0,
39.6,-106.55,1040,2019-02-19,14:00,-10.3,51,51,"43,515.58",0,
39.6,-106.55,1040,2019-02-19,15:00,-13,51,51,"43,515.63",0,
39.6,-106.55,1040,2019-02-19,16:00,-14.4,51,51,"43,515.67",0,
39.6,-106.55,1040,2019-02-19,17:00,-15.2,52,52,"43,515.71",1,
39.6,-106.55,1040,2019-02-19,18:00,-15.7,53,53,"43,515.75",2,
39.6,-106.55,1040,2019-02-19,19:00,-16.2,53,53,"43,515.79",2,
39.6,-106.55,1040,2019-02-19,20:00,-16.5,53,53,"43,515.83",1,
39.6,-106.55,1040,2019-02-19,21:00,-16.5,53,53,"43,515.88",2,
39.6,-106.55,1040,2019-02-19,22:00,-17.6,53,53,"43,515.92",2,
39.6,-106.55,1040,2019-02-19,23:00,-17.6,53,53,"43,515.96",2,
39.6,-106.55,1040,2019-02-20,0:00,-17.7,53,53,"43,516.00",2,
39.6,-106.55,1040,2019-02-20,1:00,-17.6,53,53,"43,516.04",2,
39.6,-106.55,1040,2019-02-20,2:00,-18,53,53,"43,516.08",2,
39.6,-106.55,1040,2019-02-20,3:00,-18.6,53,53,"43,516.13",2,
39.6,-106.55,1040,2019-02-20,4:00,-18.7,53,53,"43,516.17",2,
39.6,-106.55,1040,2019-02-20,5:00,-18.8,53,53,"43,516.21",1,
39.6,-106.55,1040,2019-02-20,6:00,-19.3,52,52,"43,516.25",-1,
39.6,-106.55,1040,2019-02-20,7:00,-18.9,52,52,"43,516.29",-1,
39.6,-106.55,1040,2019-02-20,8:00,-15.8,51,51,"43,516.33",-2,
39.6,-106.55,1040,2019-02-20,9:00,-11.5,50,50,"43,516.38",-3,
39.6,-106.55,1040,2019-02-20,10:00,-10.1,50,50,"43,516.42",-3,
39.6,-106.55,1040,2019-02-20,11:00,-11.5,50,50,"43,516.46",-3,
39.6,-106.55,1040,2019-02-20,12:00,-11.4,51,51,"43,516.50",-2,
39.6,-106.55,1040,2019-02-20,13:00,-11.1,51,51,"43,516.54",-2,
39.6,-106.55,1040,2019-02-20,14:00,-11.8,51,51,"43,516.58",-2,
39.6,-106.55,1040,2019-02-20,15:00,-11.2,51,51,"43,516.63",-2,
39.6,-106.55,1040,2019-02-20,16:00,-13.1,51,51,"43,516.67",-2,
39.6,-106.55,1040,2019-02-20,17:00,-13.9,51,51,"43,516.71",-2,
39.6,-106.55,1040,2019-02-20,18:00,-14.4,51,51,"43,516.75",-1,
39.6,-106.55,1040,2019-02-20,19:00,-14.1,51,51,"43,516.79",-1,
39.6,-106.55,1040,2019-02-20,20:00,-14.1,51,51,"43,516.83",0,
39.6,-106.55,1040,2019-02-20,21:00,-14.4,51,51,"43,516.88",1,
39.6,-106.55,1040,2019-02-20,22:00,-14.4,51,51,"43,516.92",1,
39.6,-106.55,1040,2019-02-20,23:00,-16.2,51,51,"43,516.96",1,
39.6,-106.55,1040,2019-02-21,0:00,-16.4,51,51,"43,517.00",0,
39.6,-106.55,1040,2019-02-21,1:00,-14.5,52,52,"43,517.04",1,
39.6,-106.55,1040,2019-02-21,2:00,-12.4,51,51,"43,517.08",0,
39.6,-106.55,1040,2019-02-21,3:00,-12.4,51,51,"43,517.13",0,
39.6,-106.55,1040,2019-02-21,4:00,-14.6,51,51,"43,517.17",0,
39.6,-106.55,1040,2019-02-21,5:00,-13.7,51,51,"43,517.21",0,
39.6,-106.55,1040,2019-02-21,6:00,-13.8,51,51,"43,517.25",0,
39.6,-106.55,1040,2019-02-21,7:00,-12.9,50,50,"43,517.29",-1,
39.6,-106.55,1040,2019-02-21,8:00,-10.2,50,50,"43,517.33",-1,
39.6,-106.55,1040,2019-02-21,9:00,-9,49,49,"43,517.38",-2,
39.6,-106.55,1040,2019-02-21,10:00,-5.8,48,48,"43,517.42",-3,
39.6,-106.55,1040,2019-02-21,11:00,-6.4,49,49,"43,517.46",-2,
39.6,-106.55,1040,2019-02-21,12:00,-6.6,49,49,"43,517.50",-2,
39.6,-106.55,1040,2019-02-21,13:00,-6.4,49,49,"43,517.54",-3,
39.6,-106.55,1040,2019-02-21,14:00,-5.6,49,49,"43,517.58",-2,
39.6,-106.55,1040,2019-02-21,15:00,-5.6,49,49,"43,517.63",-2,
39.6,-106.55,1040,2019-02-21,16:00,-6.5,50,50,"43,517.67",-1,
39.6,-106.55,1040,2019-02-21,17:00,-7.8,50,50,"43,517.71",-1,
39.6,-106.55,1040,2019-02-21,18:00,-7.6,50,50,"43,517.75",-1,
39.6,-106.55,1040,2019-02-21,19:00,-7.6,50,50,"43,517.79",0,
39.6,-106.55,1040,2019-02-21,20:00,-7.4,49,49,"43,517.83",-1,
39.6,-106.55,1040,2019-02-21,21:00,-7,49,49,"43,517.88",0,
39.6,-106.55,1040,2019-02-21,22:00,-6.7,49,49,"43,517.92",1,
39.6,-106.55,1040,2019-02-21,23:00,-6.7,49,49,"43,517.96",0,
39.6,-106.55,1040,2019-02-22,0:00,-7,49,49,"43,518.00",0,
39.6,-106.55,1040,2019-02-22,1:00,-6.3,49,49,"43,518.04",0,
39.6,-106.55,1040,2019-02-22,2:00,-6,49,49,"43,518.08",0,
39.6,-106.55,1040,2019-02-22,3:00,-6.4,49,49,"43,518.13",0,
39.6,-106.55,1040,2019-02-22,4:00,-7.6,49,49,"43,518.17",-1,
39.6,-106.55,1040,2019-02-22,5:00,-9.1,49,49,"43,518.21",-1,
39.6,-106.55,1040,2019-02-22,6:00,-8.9,49,49,"43,518.25",-1,
39.6,-106.55,1040,2019-02-22,7:00,-7.8,49,49,"43,518.29",-1,
39.6,-106.55,1040,2019-02-22,8:00,-5.5,48,48,"43,518.33",-1,
39.6,-106.55,1040,2019-02-22,9:00,-3.2,47,47,"43,518.38",-2,
39.6,-106.55,1040,2019-02-22,10:00,-6.5,48,48,"43,518.42",-1,
39.6,-106.55,1040,2019-02-22,11:00,-6.9,48,48,"43,518.46",-1,
39.6,-106.55,1040,2019-02-22,12:00,-4.5,48,48,"43,518.50",-1,
39.6,-106.55,1040,2019-02-22,13:00,-4.7,48,48,"43,518.54",-1,
39.6,-106.55,1040,2019-02-22,14:00,-3.8,48,48,"43,518.58",-1,
39.6,-106.55,1040,2019-02-22,15:00,-5.8,47,47,"43,518.63",-2,
39.6,-106.55,1040,2019-02-22,16:00,-6,47,47,"43,518.67",-2,
39.6,-106.55,1040,2019-02-22,17:00,-7.2,48,48,"43,518.71",-1,
39.6,-106.55,1040,2019-02-22,18:00,-9.1,50,50,"43,518.75",1,
39.6,-106.55,1040,2019-02-22,19:00,-9.8,47,47,"43,518.79",-2,
39.6,-106.55,1040,2019-02-22,20:00,-10.2,50,50,"43,518.83",2,
39.6,-106.55,1040,2019-02-22,21:00,-10.1,49,49,"43,518.88",2,
39.6,-106.55,1040,2019-02-22,22:00,-10.6,49,49,"43,518.92",1,
39.6,-106.55,1040,2019-02-22,23:00,-11.2,49,49,"43,518.96",1,
39.6,-106.55,1040,2019-02-23,0:00,-11.8,51,51,"43,519.00",3,Trigger
39.6,-106.55,1040,2019-02-23,1:00,-12.3,51,51,"43,519.04",3,Trigger
39.6,-106.55,1040,2019-02-23,2:00,-13,51,51,"43,519.08",3,Trigger
39.6,-106.55,1040,2019-02-23,3:00,-13.4,51,51,"43,519.13",4,Trigger
39.6,-106.55,1040,2019-02-23,4:00,-15,51,51,"43,519.17",4,Trigger
39.6,-106.55,1040,2019-02-23,5:00,-16.7,51,51,"43,519.21",3,Trigger
39.6,-106.55,1040,2019-02-23,6:00,-16.7,50,50,"43,519.25",0,
39.6,-106.55,1040,2019-02-23,7:00,-15.8,51,51,"43,519.29",4,Trigger
39.6,-106.55,1040,2019-02-23,8:00,-12.4,50,50,"43,519.33",0,
39.6,-106.55,1040,2019-02-23,9:00,-8.5,49,49,"43,519.38",0,
39.6,-106.55,1040,2019-02-23,10:00,-5.5,49,49,"43,519.42",0,
39.6,-106.55,1040,2019-02-23,11:00,-4.3,48,48,"43,519.46",-1,
39.6,-106.55,1040,2019-02-23,12:00,-5.7,48,48,"43,519.50",-3,
39.6,-106.55,1040,2019-02-23,13:00,-9.4,50,50,"43,519.54",-1,
39.6,-106.55,1040,2019-02-23,14:00,-8.7,50,50,"43,519.58",-1,
39.6,-106.55,1040,2019-02-23,15:00,-7.6,49,49,"43,519.63",-2,
39.6,-106.55,1040,2019-02-23,16:00,-9.3,50,50,"43,519.67",-1,
39.6,-106.55,1040,2019-02-23,17:00,-10.5,50,50,"43,519.71",-1,
39.6,-106.55,1040,2019-02-23,18:00,-11.7,50,50,"43,519.75",0,
39.6,-106.55,1040,2019-02-23,19:00,-12.3,50,50,"43,519.79",-1,
39.6,-106.55,1040,2019-02-23,20:00,-12.9,50,50,"43,519.83",0,
39.6,-106.55,1040,2019-02-23,21:00,-11.7,50,50,"43,519.88",1,
39.6,-106.55,1040,2019-02-23,22:00,-12.1,50,50,"43,519.92",1,
39.6,-106.55,1040,2019-02-23,23:00,-12.7,50,50,"43,519.96",2,
39.6,-106.55,1040,2019-02-24,0:00,-12.8,50,50,"43,520.00",2,
39.6,-106.55,1040,2019-02-24,1:00,-13.1,50,50,"43,520.04",0,
39.6,-106.55,1040,2019-02-24,2:00,-13.6,50,50,"43,520.08",0,
39.6,-106.55,1040,2019-02-24,3:00,-15.2,50,50,"43,520.13",1,
39.6,-106.55,1040,2019-02-24,4:00,-14.4,50,50,"43,520.17",0,
39.6,-106.55,1040,2019-02-24,5:00,-15.2,50,50,"43,520.21",0,
39.6,-106.55,1040,2019-02-24,6:00,-13.6,50,50,"43,520.25",0,
39.6,-106.55,1040,2019-02-24,7:00,-11.5,49,49,"43,520.29",-1,
39.6,-106.55,1040,2019-02-24,8:00,-9.6,48,48,"43,520.33",-2,
39.6,-106.55,1040,2019-02-24,9:00,-8.4,48,48,"43,520.38",-2,
39.6,-106.55,1040,2019-02-24,10:00,-4.1,48,48,"43,520.42",-2,
39.6,-106.55,1040,2019-02-24,11:00,-3.6,47,47,"43,520.46",-3,
39.6,-106.55,1040,2019-02-24,12:00,-1.5,47,47,"43,520.50",-3,
39.6,-106.55,1040,2019-02-24,13:00,-3,47,47,"43,520.54",-3,
39.6,-106.55,1040,2019-02-24,14:00,-2.9,46,46,"43,520.58",-4,
39.6,-106.55,1040,2019-02-24,15:00,-2,47,47,"43,520.63",-3,
39.6,-106.55,1040,2019-02-24,16:00,-5.8,47,47,"43,520.67",-3,
39.6,-106.55,1040,2019-02-24,17:00,-9.4,48,48,"43,520.71",-2,
39.6,-106.55,1040,2019-02-24,18:00,-10.6,49,49,"43,520.75",-1,
39.6,-106.55,1040,2019-02-24,19:00,-11.6,49,49,"43,520.79",0,
39.6,-106.55,1040,2019-02-24,20:00,-11.6,49,49,"43,520.83",1,
39.6,-106.55,1040,2019-02-24,21:00,-10,48,48,"43,520.88",0,
39.6,-106.55,1040,2019-02-24,22:00,-11.3,49,49,"43,520.92",1,
39.6,-106.55,1040,2019-02-24,23:00,-10.2,49,49,"43,520.96",2,
39.6,-106.55,1040,2019-02-25,0:00,-11.4,49,49,"43,521.00",2,
39.6,-106.55,1040,2019-02-25,1:00,-10.4,48,48,"43,521.04",1,
39.6,-106.55,1040,2019-02-25,2:00,-10.5,49,49,"43,521.08",3,Trigger
39.6,-106.55,1040,2019-02-25,3:00,-10.2,49,49,"43,521.13",2,
39.6,-106.55,1040,2019-02-25,4:00,-10.6,49,49,"43,521.17",2,
39.6,-106.55,1040,2019-02-25,5:00,-9.8,49,49,"43,521.21",1,
39.6,-106.55,1040,2019-02-25,6:00,-9.2,48,48,"43,521.25",-1,
39.6,-106.55,1040,2019-02-25,7:00,-7.8,48,48,"43,521.29",-1,
39.6,-106.55,1040,2019-02-25,8:00,-4.5,47,47,"43,521.33",-2,
39.6,-106.55,1040,2019-02-25,9:00,-3.1,46,46,"43,521.38",-2,
39.6,-106.55,1040,2019-02-25,10:00,0.8,46,46,"43,521.42",-3,
39.6,-106.55,1040,2019-02-25,11:00,0.4,46,46,"43,521.46",-3,
39.6,-106.55,1040,2019-02-25,12:00,0.7,46,46,"43,521.50",-3,
39.6,-106.55,1040,2019-02-25,13:00,-1,47,47,"43,521.54",-1,
39.6,-106.55,1040,2019-02-25,14:00,-2,47,47,"43,521.58",-2,
39.6,-106.55,1040,2019-02-25,15:00,-2.4,47,47,"43,521.63",-2,
39.6,-106.55,1040,2019-02-25,16:00,-2.6,48,48,"43,521.67",-1,
39.6,-106.55,1040,2019-02-25,17:00,-5.2,48,48,"43,521.71",-1,
39.6,-106.55,1040,2019-02-25,18:00,-4.8,48,48,"43,521.75",0,
39.6,-106.55,1040,2019-02-25,19:00,-5.6,48,48,"43,521.79",0,
39.6,-106.55,1040,2019-02-25,20:00,-5.3,48,48,"43,521.83",1,
39.6,-106.55,1040,2019-02-25,21:00,-3.6,48,48,"43,521.88",2,
39.6,-106.55,1040,2019-02-25,22:00,-6.4,48,48,"43,521.92",2,
39.6,-106.55,1040,2019-02-25,23:00,-6.7,48,48,"43,521.96",2,
39.6,-106.55,1040,2019-02-26,0:00,-7.8,48,48,"43,522.00",2,
39.6,-106.55,1040,2019-02-26,1:00,-5.8,48,48,"43,522.04",1,
39.6,-106.55,1040,2019-02-26,2:00,-6.3,48,48,"43,522.08",1,
39.6,-106.55,1040,2019-02-26,3:00,-5.2,48,48,"43,522.13",1,
39.6,-106.55,1040,2019-02-26,4:00,-4.8,48,48,"43,522.17",0,
39.6,-106.55,1040,2019-02-26,5:00,-5.8,48,48,"43,522.21",0,
39.6,-106.55,1040,2019-02-26,6:00,-6.1,48,48,"43,522.25",0,
39.6,-106.55,1040,2019-02-26,7:00,-1.8,48,48,"43,522.29",0,
39.6,-106.55,1040,2019-02-26,8:00,-1.6,46,46,"43,522.33",-2,
39.6,-106.55,1040,2019-02-26,9:00,1.6,46,46,"43,522.38",-2,
39.6,-106.55,1040,2019-02-26,10:00,4.2,45,45,"43,522.42",-3,
39.6,-106.55,1040,2019-02-26,11:00,2.4,46,46,"43,522.46",-2,
39.6,-106.55,1040,2019-02-26,12:00,3.9,45,45,"43,522.50",-3,
39.6,-106.55,1040,2019-02-26,13:00,3.8,45,45,"43,522.54",-3,
39.6,-106.55,1040,2019-02-26,14:00,7.2,45,45,"43,522.58",-3,
39.6,-106.55,1040,2019-02-26,15:00,2.3,46,46,"43,522.63",-2,
39.6,-106.55,1040,2019-02-26,16:00,1.6,46,46,"43,522.67",-2,
39.6,-106.55,1040,2019-02-26,17:00,-2,47,47,"43,522.71",-1,
39.6,-106.55,1040,2019-02-26,18:00,-3.5,47,47,"43,522.75",-1,
39.6,-106.55,1040,2019-02-26,19:00,-3.2,47,47,"43,522.79",-1,
39.6,-106.55,1040,2019-02-26,20:00,-4.6,47,47,"43,522.83",1,
39.6,-106.55,1040,2019-02-26,21:00,-4.4,47,47,"43,522.88",1,
39.6,-106.55,1040,2019-02-26,22:00,-5.5,47,47,"43,522.92",2,
39.6,-106.55,1040,2019-02-26,23:00,-5.7,47,47,"43,522.96",1,
39.6,-106.55,1040,2019-02-27,0:00,-5.8,47,47,"43,523.00",2,
39.6,-106.55,1040,2019-02-27,1:00,-6.4,47,47,"43,523.04",2,
39.6,-106.55,1040,2019-02-27,2:00,-6.9,47,47,"43,523.08",2,
39.6,-106.55,1040,2019-02-27,3:00,-6,47,47,"43,523.13",1,
39.6,-106.55,1040,2019-02-27,4:00,-7.4,46,46,"43,523.17",0,
39.6,-106.55,1040,2019-02-27,5:00,-6.7,47,47,"43,523.21",0,
39.6,-106.55,1040,2019-02-27,6:00,-7.1,47,47,"43,523.25",0,
39.6,-106.55,1040,2019-02-27,7:00,0.2,46,46,"43,523.29",-1,
39.6,-106.55,1040,2019-02-27,8:00,-0.6,45,45,"43,523.33",-2,
39.6,-106.55,1040,2019-02-27,9:00,2.4,45,45,"43,523.38",-2,
39.6,-106.55,1040,2019-02-27,10:00,3.8,45,45,"43,523.42",-2,
39.6,-106.55,1040,2019-02-27,11:00,7.7,43,43,"43,523.46",-4,
39.6,-106.55,1040,2019-02-27,12:00,3.2,45,45,"43,523.50",-2,
39.6,-106.55,1040,2019-02-27,13:00,2.9,45,45,"43,523.54",-2,
39.6,-106.55,1040,2019-02-27,14:00,1.5,45,45,"43,523.58",-2,
39.6,-106.55,1040,2019-02-27,15:00,1.1,46,46,"43,523.63",-1,
39.6,-106.55,1040,2019-02-27,16:00,-0.2,46,46,"43,523.67",0,
39.6,-106.55,1040,2019-02-27,17:00,-0.9,46,46,"43,523.71",-1,
39.6,-106.55,1040,2019-02-27,18:00,-2,46,46,"43,523.75",-1,
39.6,-106.55,1040,2019-02-27,19:00,-2.6,46,46,"43,523.79",0,
39.6,-106.55,1040,2019-02-27,20:00,-3.7,46,46,"43,523.83",1,
39.6,-106.55,1040,2019-02-27,21:00,-3.6,46,46,"43,523.88",1,
39.6,-106.55,1040,2019-02-27,22:00,-3.5,46,46,"43,523.92",1,
39.6,-106.55,1040,2019-02-27,23:00,-3.1,46,46,"43,523.96",3,Trigger
39.6,-106.55,1040,2019-02-28,0:00,-3,46,46,"43,524.00",1,
39.6,-106.55,1040,2019-02-28,1:00,-3,46,46,"43,524.04",1,
39.6,-106.55,1040,2019-02-28,2:00,-3.4,46,46,"43,524.08",1,
39.6,-106.55,1040,2019-02-28,3:00,-3.9,46,46,"43,524.13",0,
39.6,-106.55,1040,2019-02-28,4:00,-3.8,46,46,"43,524.17",0,
39.6,-106.55,1040,2019-02-28,5:00,-3.9,46,46,"43,524.21",0,
39.6,-106.55,1040,2019-02-28,6:00,-4,46,46,"43,524.25",0,
39.6,-106.55,1040,2019-02-28,7:00,-1,45,45,"43,524.29",-1,
39.6,-106.55,1040,2019-02-28,8:00,2.6,44,44,"43,524.33",-2,
39.6,-106.55,1040,2019-02-28,9:00,2.2,44,44,"43,524.38",-2,
39.6,-106.55,1040,2019-02-28,10:00,3.9,44,44,"43,524.42",-2,
39.6,-106.55,1040,2019-02-28,11:00,1.4,45,45,"43,524.46",-1,
39.6,-106.55,1040,2019-02-28,12:00,1.3,45,45,"43,524.50",-1,
39.6,-106.55,1040,2019-02-28,13:00,1.8,45,45,"43,524.54",-1,
39.6,-106.55,1040,2019-02-28,14:00,1.2,45,45,"43,524.58",-1,
39.6,-106.55,1040,2019-02-28,15:00,2.1,45,45,"43,524.63",-1,
39.6,-106.55,1040,2019-02-28,16:00,0.4,45,45,"43,524.67",-1,
39.6,-106.55,1040,2019-02-28,17:00,-1.6,46,46,"43,524.71",0,
39.6,-106.55,1040,2019-02-28,18:00,-1.6,46,46,"43,524.75",0,
39.6,-106.55,1040,2019-02-28,19:00,-2.4,46,46,"43,524.79",1,
39.6,-106.55,1040,2019-02-28,20:00,-2.4,46,46,"43,524.83",2,
39.6,-106.55,1040,2019-02-28,21:00,-2.4,46,46,"43,524.88",2,
39.6,-106.55,1040,2019-02-28,22:00,-3.5,46,46,"43,524.92",2,
39.6,-106.55,1040,2019-02-28,23:00,-3.2,45,45,"43,524.96",0,
39.6,-106.55,1040,2019-03-01,0:00,-3.6,47,47,"43,525.00",2,
39.6,-106.55,1040,2019-03-01,1:00,-3.6,47,47,"43,525.04",2,
39.6,-106.55,1040,2019-03-01,2:00,-3.1,47,47,"43,525.08",2,
39.6,-106.55,1040,2019-03-01,3:00,-3.2,45,45,"43,525.13",0,
39.6,-106.55,1040,2019-03-01,4:00,-3.4,47,47,"43,525.17",2,
39.6,-106.55,1040,2019-03-01,5:00,-3,48,48,"43,525.21",2,
39.6,-106.55,1040,2019-03-01,6:00,-3.5,48,48,"43,525.25",2,
39.6,-106.55,1040,2019-03-01,7:00,-3.6,-99.9,,"43,525.29",,
39.6,-106.55,1040,2019-03-01,8:00,-3.2,48,48,"43,525.33",2,
39.6,-106.55,1040,2019-03-01,9:00,-2.5,47,47,"43,525.38",1,
39.6,-106.55,1040,2019-03-01,10:00,-1.8,47,47,"43,525.42",1,
39.6,-106.55,1040,2019-03-01,11:00,-1.1,47,47,"43,525.46",2,
39.6,-106.55,1040,2019-03-01,12:00,-2.6,46,46,"43,525.50",-1,
39.6,-106.55,1040,2019-03-01,13:00,-2.5,47,47,"43,525.54",0,
39.6,-106.55,1040,2019-03-01,14:00,-1.1,47,47,"43,525.58",0,
39.6,-106.55,1040,2019-03-01,15:00,-3.4,48,48,"43,525.63",3,Trigger
39.6,-106.55,1040,2019-03-01,16:00,-3.4,48,48,"43,525.67",1,
39.6,-106.55,1040,2019-03-01,17:00,-3.5,48,48,"43,525.71",0,
39.6,-106.55,1040,2019-03-01,18:00,-3.2,48,48,"43,525.75",0,
39.6,-106.55,1040,2019-03-01,19:00,-3.2,48,48,"43,525.79",,Trigger
39.6,-106.55,1040,2019-03-01,20:00,-3.1,48,48,"43,525.83",0,
39.6,-106.55,1040,2019-03-01,21:00,-3.2,48,48,"43,525.88",1,
39.6,-106.55,1040,2019-03-01,22:00,-3.8,47,47,"43,525.92",0,
39.6,-106.55,1040,2019-03-01,23:00,-2.9,46,46,"43,525.96",-1,
39.6,-106.55,1040,2019-03-02,0:00,-2.9,46,46,"43,526.00",0,
39.6,-106.55,1040,2019-03-02,1:00,-1.6,46,46,"43,526.04",-1,
39.6,-106.55,1040,2019-03-02,2:00,-1.8,48,48,"43,526.08",1,
39.6,-106.55,1040,2019-03-02,3:00,-2.2,47,47,"43,526.13",-1,
39.6,-106.55,1040,2019-03-02,4:00,-1.8,48,48,"43,526.17",0,
39.6,-106.55,1040,2019-03-02,5:00,-2.1,48,48,"43,526.21",0,
39.6,-106.55,1040,2019-03-02,6:00,-2.6,48,48,"43,526.25",0,
39.6,-106.55,1040,2019-03-02,7:00,-2.9,46,46,"43,526.29",-2,
39.6,-106.55,1040,2019-03-02,8:00,-1.3,46,46,"43,526.33",-2,
39.6,-106.55,1040,2019-03-02,9:00,-1.2,45,45,"43,526.38",-3,
39.6,-106.55,1040,2019-03-02,10:00,-1.5,46,46,"43,526.42",-1,
39.6,-106.55,1040,2019-03-02,11:00,2,46,46,"43,526.46",0,
39.6,-106.55,1040,2019-03-02,12:00,2.7,46,46,"43,526.50",0,
39.6,-106.55,1040,2019-03-02,13:00,0,46,46,"43,526.54",0,
39.6,-106.55,1040,2019-03-02,14:00,-0.4,47,47,"43,526.58",-1,
39.6,-106.55,1040,2019-03-02,15:00,-1.8,47,47,"43,526.63",0,
39.6,-106.55,1040,2019-03-02,16:00,-1.8,48,48,"43,526.67",0,
39.6,-106.55,1040,2019-03-02,17:00,-2.3,48,48,"43,526.71",0,
39.6,-106.55,1040,2019-03-02,18:00,-2.2,49,49,"43,526.75",1,
39.6,-106.55,1040,2019-03-02,19:00,-2.3,50,50,"43,526.79",4,Trigger
39.6,-106.55,1040,2019-03-02,20:00,-2.5,52,52,"43,526.83",6,Trigger
39.6,-106.55,1040,2019-03-02,21:00,-2.5,52,52,"43,526.88",7,Trigger
39.6,-106.55,1040,2019-03-02,22:00,-2.8,52,52,"43,526.92",6,Trigger
39.6,-106.55,1040,2019-03-02,23:00,-3.4,53,53,"43,526.96",7,Trigger
39.6,-106.55,1040,2019-03-03,0:00,-4.2,54,54,"43,527.00",8,Trigger
39.6,-106.55,1040,2019-03-03,1:00,-4.6,55,55,"43,527.04",9,Trigger
39.6,-106.55,1040,2019-03-03,2:00,-5.2,55,55,"43,527.08",8,Trigger
39.6,-106.55,1040,2019-03-03,3:00,-5.6,55,55,"43,527.13",8,Trigger
39.6,-106.55,1040,2019-03-03,4:00,-5.8,55,55,"43,527.17",7,Trigger
39.6,-106.55,1040,2019-03-03,5:00,-6.2,56,56,"43,527.21",8,Trigger
39.6,-106.55,1040,2019-03-03,6:00,-6.2,57,57,"43,527.25",8,Trigger
39.6,-106.55,1040,2019-03-03,7:00,-6.1,-99.9,,"43,527.29",,
39.6,-106.55,1040,2019-03-03,8:00,-5.6,58,58,"43,527.33",6,Trigger
39.6,-106.55,1040,2019-03-03,9:00,-4.7,58,58,"43,527.38",6,Trigger
39.6,-106.55,1040,2019-03-03,10:00,-4,60,60,"43,527.42",8,Trigger
39.6,-106.55,1040,2019-03-03,11:00,-3.7,60,60,"43,527.46",7,Trigger
39.6,-106.55,1040,2019-03-03,12:00,-2.7,59,59,"43,527.50",5,Trigger
39.6,-106.55,1040,2019-03-03,13:00,-4.9,62,62,"43,527.54",7,Trigger
39.6,-106.55,1040,2019-03-03,14:00,-5.4,65,65,"43,527.58",10,Trigger
39.6,-106.55,1040,2019-03-03,15:00,-5.2,66,66,"43,527.63",11,Trigger
39.6,-106.55,1040,2019-03-03,16:00,-5.9,65,65,"43,527.67",10,Trigger
39.6,-106.55,1040,2019-03-03,17:00,-7.1,64,64,"43,527.71",8,Trigger
39.6,-106.55,1040,2019-03-03,18:00,-7.9,66,66,"43,527.75",9,Trigger
39.6,-106.55,1040,2019-03-03,19:00,-7.9,66,66,"43,527.79",,Trigger
39.6,-106.55,1040,2019-03-03,20:00,-8.3,66,66,"43,527.83",8,Trigger
39.6,-106.55,1040,2019-03-03,21:00,-8.8,65,65,"43,527.88",7,Trigger
39.6,-106.55,1040,2019-03-03,22:00,-9.2,65,65,"43,527.92",5,Trigger
39.6,-106.55,1040,2019-03-03,23:00,-9.5,65,65,"43,527.96",5,Trigger
39.6,-106.55,1040,2019-03-04,0:00,-9.1,65,65,"43,528.00",6,Trigger
39.6,-106.55,1040,2019-03-04,1:00,-8.9,64,64,"43,528.04",2,
39.6,-106.55,1040,2019-03-04,2:00,-9,64,64,"43,528.08",-1,
39.6,-106.55,1040,2019-03-04,3:00,-9,64,64,"43,528.13",-2,
39.6,-106.55,1040,2019-03-04,4:00,-9.2,64,64,"43,528.17",-1,
39.6,-106.55,1040,2019-03-04,5:00,-9.6,64,64,"43,528.21",0,
39.6,-106.55,1040,2019-03-04,6:00,-9.5,64,64,"43,528.25",-2,
39.6,-106.55,1040,2019-03-04,7:00,-7.6,63,63,"43,528.29",-3,
39.6,-106.55,1040,2019-03-04,8:00,-8,62,62,"43,528.33",-4,
39.6,-106.55,1040,2019-03-04,9:00,-7.8,62,62,"43,528.38",-3,
39.6,-106.55,1040,2019-03-04,10:00,-4.1,61,61,"43,528.42",-4,
39.6,-106.55,1040,2019-03-04,11:00,-1.8,59,59,"43,528.46",-6,
39.6,-106.55,1040,2019-03-04,12:00,0.3,60,60,"43,528.50",-5,
39.6,-106.55,1040,2019-03-04,13:00,-3.7,61,61,"43,528.54",-3,
39.6,-106.55,1040,2019-03-04,14:00,-4.5,61,61,"43,528.58",-3,
39.6,-106.55,1040,2019-03-04,15:00,-3.7,61,61,"43,528.63",-3,
39.6,-106.55,1040,2019-03-04,16:00,-6,62,62,"43,528.67",-2,
39.6,-106.55,1040,2019-03-04,17:00,-7.9,62,62,"43,528.71",-2,
39.6,-106.55,1040,2019-03-04,18:00,-8.5,62,62,"43,528.75",-2,
39.6,-106.55,1040,2019-03-04,19:00,-8.7,62,62,"43,528.79",-1,
39.6,-106.55,1040,2019-03-04,20:00,-9.1,62,62,"43,528.83",0,
39.6,-106.55,1040,2019-03-04,21:00,-9.4,62,62,"43,528.88",0,
39.6,-106.55,1040,2019-03-04,22:00,-9.3,62,62,"43,528.92",1,
39.6,-106.55,1040,2019-03-04,23:00,-9,62,62,"43,528.96",3,Trigger
39.6,-106.55,1040,2019-03-05,0:00,-9.9,62,62,"43,529.00",2,
39.6,-106.55,1040,2019-03-05,1:00,-10.1,61,61,"43,529.04",0,
39.6,-106.55,1040,2019-03-05,2:00,-10.2,61,61,"43,529.08",0,
39.6,-106.55,1040,2019-03-05,3:00,-10.2,61,61,"43,529.13",0,
39.6,-106.55,1040,2019-03-05,4:00,-10.5,61,61,"43,529.17",-1,
39.6,-106.55,1040,2019-03-05,5:00,-9.7,60,60,"43,529.21",-2,
39.6,-106.55,1040,2019-03-05,6:00,-8.8,61,61,"43,529.25",-1,
39.6,-106.55,1040,2019-03-05,7:00,-5.9,60,60,"43,529.29",-2,
39.6,-106.55,1040,2019-03-05,8:00,-1.1,59,59,"43,529.33",-3,
39.6,-106.55,1040,2019-03-05,9:00,-2.1,58,58,"43,529.38",-4,
39.6,-106.55,1040,2019-03-05,10:00,-2.6,58,58,"43,529.42",-4,
39.6,-106.55,1040,2019-03-05,11:00,2.4,58,58,"43,529.46",-4,
39.6,-106.55,1040,2019-03-05,12:00,1.2,57,57,"43,529.50",-5,
39.6,-106.55,1040,2019-03-05,13:00,1.2,57,57,"43,529.54",-4,
39.6,-106.55,1040,2019-03-05,14:00,1.3,57,57,"43,529.58",-4,
39.6,-106.55,1040,2019-03-05,15:00,0.4,57,57,"43,529.63",-4,
39.6,-106.55,1040,2019-03-05,16:00,-2.4,58,58,"43,529.67",-3,
39.6,-106.55,1040,2019-03-05,17:00,-2.9,58,58,"43,529.71",-2,
39.6,-106.55,1040,2019-03-05,18:00,-3.5,58,58,"43,529.75",-3,
39.6,-106.55,1040,2019-03-05,19:00,-3.7,58,58,"43,529.79",-2,
39.6,-106.55,1040,2019-03-05,20:00,-3.2,58,58,"43,529.83",-1,
39.6,-106.55,1040,2019-03-05,21:00,-3.1,58,58,"43,529.88",0,
39.6,-106.55,1040,2019-03-05,22:00,-1.8,58,58,"43,529.92",0,
39.6,-106.55,1040,2019-03-05,23:00,-2.3,58,58,"43,529.96",0,
39.6,-106.55,1040,2019-03-06,0:00,-2.1,57,57,"43,530.00",0,
39.6,-106.55,1040,2019-03-06,1:00,-0.3,57,57,"43,530.04",0,
39.6,-106.55,1040,2019-03-06,2:00,0.7,57,57,"43,530.08",0,
39.6,-106.55,1040,2019-03-06,3:00,0.2,57,57,"43,530.13",0,
39.6,-106.55,1040,2019-03-06,4:00,-0.9,57,57,"43,530.17",-1,
39.6,-106.55,1040,2019-03-06,5:00,-2.5,57,57,"43,530.21",-1,
39.6,-106.55,1040,2019-03-06,6:00,-2.4,56,56,"43,530.25",-2,
39.6,-106.55,1040,2019-03-06,7:00,-1,55,55,"43,530.29",-3,
39.6,-106.55,1040,2019-03-06,8:00,-0.4,57,57,"43,530.33",-1,
39.6,-106.55,1040,2019-03-06,9:00,0.4,55,55,"43,530.38",-3,
39.6,-106.55,1040,2019-03-06,10:00,0.6,56,56,"43,530.42",-2,
39.6,-106.55,1040,2019-03-06,11:00,1.3,55,55,"43,530.46",-3,
39.6,-106.55,1040,2019-03-06,12:00,1.5,56,56,"43,530.50",-1,
39.6,-106.55,1040,2019-03-06,13:00,1.3,57,57,"43,530.54",0,
39.6,-106.55,1040,2019-03-06,14:00,1.2,58,58,"43,530.58",1,
39.6,-106.55,1040,2019-03-06,15:00,2,58,58,"43,530.63",1,
39.6,-106.55,1040,2019-03-06,16:00,1.2,57,57,"43,530.67",0,
39.6,-106.55,1040,2019-03-06,17:00,1.7,58,58,"43,530.71",1,
39.6,-106.55,1040,2019-03-06,18:00,-0.6,58,58,"43,530.75",2,
39.6,-106.55,1040,2019-03-06,19:00,-0.7,59,59,"43,530.79",4,Trigger
39.6,-106.55,1040,2019-03-06,20:00,-0.8,61,61,"43,530.83",4,Trigger
39.6,-106.55,1040,2019-03-06,21:00,-1.5,64,64,"43,530.88",9,Trigger
39.6,-106.55,1040,2019-03-06,22:00,-1.4,64,64,"43,530.92",8,Trigger
39.6,-106.55,1040,2019-03-06,23:00,-1.5,65,65,"43,530.96",10,Trigger
39.6,-106.55,1040,2019-03-07,0:00,-1.8,65,65,"43,531.00",9,Trigger
39.6,-106.55,1040,2019-03-07,1:00,-1.8,65,65,"43,531.04",8,Trigger
39.6,-106.55,1040,2019-03-07,2:00,-2.2,65,65,"43,531.08",7,Trigger
39.6,-106.55,1040,2019-03-07,3:00,-2.4,65,65,"43,531.13",7,Trigger
39.6,-106.55,1040,2019-03-07,4:00,-2.6,65,65,"43,531.17",8,Trigger
39.6,-106.55,1040,2019-03-07,5:00,-2.6,65,65,"43,531.21",7,Trigger
39.6,-106.55,1040,2019-03-07,6:00,-2.7,65,65,"43,531.25",7,Trigger
39.6,-106.55,1040,2019-03-07,7:00,-2.4,65,65,"43,531.29",6,Trigger
39.6,-106.55,1040,2019-03-07,8:00,-1.8,65,65,"43,531.33",4,Trigger
39.6,-106.55,1040,2019-03-07,9:00,-1.4,65,65,"43,531.38",1,
39.6,-106.55,1040,2019-03-07,10:00,0.4,64,64,"43,531.42",0,
39.6,-106.55,1040,2019-03-07,11:00,4.5,64,64,"43,531.46",-1,
39.6,-106.55,1040,2019-03-07,12:00,-1.3,64,64,"43,531.50",-1,
39.6,-106.55,1040,2019-03-07,13:00,-0.6,64,64,"43,531.54",-1,
39.6,-106.55,1040,2019-03-07,14:00,-2.5,65,65,"43,531.58",0,
39.6,-106.55,1040,2019-03-07,15:00,-1.3,64,64,"43,531.63",-1,
39.6,-106.55,1040,2019-03-07,16:00,-1,64,64,"43,531.67",-1,
39.6,-106.55,1040,2019-03-07,17:00,-2.7,65,65,"43,531.71",0,
39.6,-106.55,1040,2019-03-07,18:00,-2.9,65,65,"43,531.75",0,
39.6,-106.55,1040,2019-03-07,19:00,-2.9,64,64,"43,531.79",-1,
39.6,-106.55,1040,2019-03-07,20:00,-3.2,64,64,"43,531.83",-1,
39.6,-106.55,1040,2019-03-07,21:00,-2.7,64,64,"43,531.88",-1,
39.6,-106.55,1040,2019-03-07,22:00,-3.7,64,64,"43,531.92",0,
39.6,-106.55,1040,2019-03-07,23:00,-4.3,64,64,"43,531.96",0,
39.6,-106.55,1040,2019-03-08,0:00,-3.2,64,64,"43,532.00",0,
39.6,-106.55,1040,2019-03-08,1:00,-4.1,64,64,"43,532.04",0,
39.6,-106.55,1040,2019-03-08,2:00,-3.9,64,64,"43,532.08",-1,
39.6,-106.55,1040,2019-03-08,3:00,-4.1,64,64,"43,532.13",0,
39.6,-106.55,1040,2019-03-08,4:00,-3.9,64,64,"43,532.17",0,
39.6,-106.55,1040,2019-03-08,5:00,-3.9,64,64,"43,532.21",-1,
39.6,-106.55,1040,2019-03-08,6:00,-3,63,63,"43,532.25",-2,
39.6,-106.55,1040,2019-03-08,7:00,-2.8,63,63,"43,532.29",-1,
39.6,-106.55,1040,2019-03-08,8:00,-2.4,63,63,"43,532.33",-1,
39.6,-106.55,1040,2019-03-08,9:00,0,62,62,"43,532.38",-2,
39.6,-106.55,1040,2019-03-08,10:00,-0.4,62,62,"43,532.42",-2,
39.6,-106.55,1040,2019-03-08,11:00,2,61,61,"43,532.46",-3,
39.6,-106.55,1040,2019-03-08,12:00,0.7,62,62,"43,532.50",-2,
39.6,-106.55,1040,2019-03-08,13:00,1,62,62,"43,532.54",-2,
39.6,-106.55,1040,2019-03-08,14:00,-0.9,62,62,"43,532.58",-2,
39.6,-106.55,1040,2019-03-08,15:00,-2.3,63,63,"43,532.63",-1,
39.6,-106.55,1040,2019-03-08,16:00,-2.5,65,65,"43,532.67",1,
39.6,-106.55,1040,2019-03-08,17:00,-4.2,66,66,"43,532.71",2,
39.6,-106.55,1040,2019-03-08,18:00,-6,67,67,"43,532.75",4,Trigger
39.6,-106.55,1040,2019-03-08,19:00,-6.7,67,67,"43,532.79",4,Trigger
39.6,-106.55,1040,2019-03-08,20:00,-6.5,67,67,"43,532.83",4,Trigger
39.6,-106.55,1040,2019-03-08,21:00,-6.7,67,67,"43,532.88",5,Trigger
39.6,-106.55,1040,2019-03-08,22:00,-6.9,68,68,"43,532.92",6,Trigger
39.6,-106.55,1040,2019-03-08,23:00,-7.2,67,67,"43,532.96",6,Trigger
39.6,-106.55,1040,2019-03-09,0:00,-7.1,66,66,"43,533.00",4,Trigger
39.6,-106.55,1040,2019-03-09,1:00,-7,67,67,"43,533.04",5,Trigger
39.6,-106.55,1040,2019-03-09,2:00,-7.6,67,67,"43,533.08",5,Trigger
39.6,-106.55,1040,2019-03-09,3:00,-7.9,67,67,"43,533.13",4,Trigger
39.6,-106.55,1040,2019-03-09,4:00,-8.3,66,66,"43,533.17",1,
39.6,-106.55,1040,2019-03-09,5:00,-8.8,66,66,"43,533.21",0,
39.6,-106.55,1040,2019-03-09,6:00,-9.2,67,67,"43,533.25",0,
39.6,-106.55,1040,2019-03-09,7:00,-7.6,68,68,"43,533.29",1,
39.6,-106.55,1040,2019-03-09,8:00,-4.2,67,67,"43,533.33",0,
39.6,-106.55,1040,2019-03-09,9:00,-3.1,66,66,"43,533.38",-1,
39.6,-106.55,1040,2019-03-09,10:00,-4.1,66,66,"43,533.42",-2,
39.6,-106.55,1040,2019-03-09,11:00,-4.3,66,66,"43,533.46",-1,
39.6,-106.55,1040,2019-03-09,12:00,-1.3,66,66,"43,533.50",0,
39.6,-106.55,1040,2019-03-09,13:00,-4.6,66,66,"43,533.54",-1,
39.6,-106.55,1040,2019-03-09,14:00,-4,66,66,"43,533.58",-1,
39.6,-106.55,1040,2019-03-09,15:00,-3.7,65,65,"43,533.63",-2,
39.6,-106.55,1040,2019-03-09,16:00,-5.8,66,66,"43,533.67",0,
39.6,-106.55,1040,2019-03-09,17:00,-7,67,67,"43,533.71",1,
39.6,-106.55,1040,2019-03-09,18:00,-7.1,67,67,"43,533.75",0,
39.6,-106.55,1040,2019-03-09,19:00,-7.2,67,67,"43,533.79",-1,
39.6,-106.55,1040,2019-03-09,20:00,-7.2,66,66,"43,533.83",-1,
39.6,-106.55,1040,2019-03-09,21:00,-8.2,66,66,"43,533.88",0,
39.6,-106.55,1040,2019-03-09,22:00,-9,67,67,"43,533.92",1,
39.6,-106.55,1040,2019-03-09,23:00,-8.1,66,66,"43,533.96",0,
39.6,-106.55,1040,2019-03-10,0:00,-8.6,66,66,"43,534.00",0,
39.6,-106.55,1040,2019-03-10,1:00,-7.4,66,66,"43,534.04",0,
39.6,-106.55,1040,2019-03-10,2:00,-7.6,66,66,"43,534.08",0,
39.6,-106.55,1040,2019-03-10,3:00,-7.6,66,66,"43,534.13",1,
39.6,-106.55,1040,2019-03-10,4:00,-7.1,66,66,"43,534.17",0,
39.6,-106.55,1040,2019-03-10,5:00,-6.5,66,66,"43,534.21",-1,
39.6,-106.55,1040,2019-03-10,6:00,-5.8,65,65,"43,534.25",-2,
39.6,-106.55,1040,2019-03-10,7:00,-4.2,65,65,"43,534.29",-2,
39.6,-106.55,1040,2019-03-10,8:00,-4.7,64,64,"43,534.33",-2,
39.6,-106.55,1040,2019-03-10,9:00,-1.2,63,63,"43,534.38",-3,
39.6,-106.55,1040,2019-03-10,10:00,0.1,64,64,"43,534.42",-3,
39.6,-106.55,1040,2019-03-10,11:00,1.5,63,63,"43,534.46",-3,
39.6,-106.55,1040,2019-03-10,12:00,-0.9,63,63,"43,534.50",-3,
39.6,-106.55,1040,2019-03-10,13:00,-0.4,63,63,"43,534.54",-3,
39.6,-106.55,1040,2019-03-10,14:00,0.7,63,63,"43,534.58",-3,
39.6,-106.55,1040,2019-03-10,15:00,-1.1,63,63,"43,534.63",-3,
39.6,-106.55,1040,2019-03-10,16:00,-2,63,63,"43,534.67",-3,
39.6,-106.55,1040,2019-03-10,17:00,-3.8,64,64,"43,534.71",-2,
39.6,-106.55,1040,2019-03-10,18:00,-5,64,64,"43,534.75",-1,
39.6,-106.55,1040,2019-03-10,19:00,-5.6,64,64,"43,534.79",-1,
39.6,-106.55,1040,2019-03-10,20:00,-4,64,64,"43,534.83",0,
39.6,-106.55,1040,2019-03-10,21:00,-4,64,64,"43,534.88",1,
39.6,-106.55,1040,2019-03-10,22:00,-4,64,64,"43,534.92",0,
39.6,-106.55,1040,2019-03-10,23:00,-5.5,63,63,"43,534.96",0,
39.6,-106.55,1040,2019-03-11,0:00,-6.2,64,64,"43,535.00",1,
39.6,-106.55,1040,2019-03-11,1:00,-4.9,63,63,"43,535.04",0,
39.6,-106.55,1040,2019-03-11,2:00,-6.1,63,63,"43,535.08",0,
39.6,-106.55,1040,2019-03-11,3:00,-5.5,63,63,"43,535.13",0,
39.6,-106.55,1040,2019-03-11,4:00,-4.7,64,64,"43,535.17",1,
39.6,-106.55,1040,2019-03-11,5:00,-4.8,63,63,"43,535.21",-1,
39.6,-106.55,1040,2019-03-11,6:00,-3.9,63,63,"43,535.25",-1,
39.6,-106.55,1040,2019-03-11,7:00,-1.2,63,63,"43,535.29",-1,
39.6,-106.55,1040,2019-03-11,8:00,-2.6,62,62,"43,535.33",-2,
39.6,-106.55,1040,2019-03-11,9:00,2.5,61,61,"43,535.38",-3,
39.6,-106.55,1040,2019-03-11,10:00,2.6,61,61,"43,535.42",-3,
39.6,-106.55,1040,2019-03-11,11:00,-1.8,63,63,"43,535.46",0,
39.6,-106.55,1040,2019-03-11,12:00,1,62,62,"43,535.50",-2,
39.6,-106.55,1040,2019-03-11,13:00,0.4,64,64,"43,535.54",1,
39.6,-106.55,1040,2019-03-11,14:00,-0.1,64,64,"43,535.58",1,
39.6,-106.55,1040,2019-03-11,15:00,-0.2,63,63,"43,535.63",0,
39.6,-106.55,1040,2019-03-11,16:00,-1.5,62,62,"43,535.67",-2,
39.6,-106.55,1040,2019-03-11,17:00,-3,63,63,"43,535.71",0,
39.6,-106.55,1040,2019-03-11,18:00,-3.4,63,63,"43,535.75",0,
39.6,-106.55,1040,2019-03-11,19:00,-3.5,64,64,"43,535.79",1,
39.6,-106.55,1040,2019-03-11,20:00,-3.9,-99.9,,"43,535.83",,
39.6,-106.55,1040,2019-03-11,21:00,-4.7,-99.9,,"43,535.88",,
39.6,-106.55,1040,2019-03-11,22:00,-4.9,-99.9,,"43,535.92",,
39.6,-106.55,1040,2019-03-11,23:00,-5.9,-99.9,,"43,535.96",,
39.6,-106.55,1040,2019-03-12,0:00,-4.4,63,63,"43,536.00",1,
39.6,-106.55,1040,2019-03-12,1:00,-3.8,62,62,"43,536.04",-2,
39.6,-106.55,1040,2019-03-12,2:00,-3.8,64,64,"43,536.08",0,
39.6,-106.55,1040,2019-03-12,3:00,-4.1,64,64,"43,536.13",1,
39.6,-106.55,1040,2019-03-12,4:00,-3.9,64,64,"43,536.17",2,
39.6,-106.55,1040,2019-03-12,5:00,-3.4,64,64,"43,536.21",1,
39.6,-106.55,1040,2019-03-12,6:00,-3.1,63,63,"43,536.25",0,
39.6,-106.55,1040,2019-03-12,7:00,0.1,62,62,"43,536.29",-2,
39.6,-106.55,1040,2019-03-12,8:00,0.5,62,62,"43,536.33",,Trigger
39.6,-106.55,1040,2019-03-12,9:00,2.4,62,62,"43,536.38",,Trigger
39.6,-106.55,1040,2019-03-12,10:00,4.5,62,62,"43,536.42",,Trigger
39.6,-106.55,1040,2019-03-12,11:00,7.6,61,61,"43,536.46",,Trigger
39.6,-106.55,1040,2019-03-12,12:00,3.7,61,61,"43,536.50",-2,
39.6,-106.55,1040,2019-03-12,13:00,2.9,61,61,"43,536.54",-1,
39.6,-106.55,1040,2019-03-12,14:00,6.4,60,60,"43,536.58",-4,
39.6,-106.55,1040,2019-03-12,15:00,2.2,61,61,"43,536.63",-3,
39.6,-106.55,1040,2019-03-12,16:00,1.7,61,61,"43,536.67",-3,
39.6,-106.55,1040,2019-03-12,17:00,0.8,61,61,"43,536.71",-3,
39.6,-106.55,1040,2019-03-12,18:00,0.7,61,61,"43,536.75",-2,
39.6,-106.55,1040,2019-03-12,19:00,1.3,61,61,"43,536.79",-1,
39.6,-106.55,1040,2019-03-12,20:00,0.8,61,61,"43,536.83",-1,
39.6,-106.55,1040,2019-03-12,21:00,0.3,61,61,"43,536.88",-1,
39.6,-106.55,1040,2019-03-12,22:00,-0.6,61,61,"43,536.92",-1,
39.6,-106.55,1040,2019-03-12,23:00,-0.6,61,61,"43,536.96",0,
39.6,-106.55,1040,2019-03-13,0:00,-1.5,63,63,"43,537.00",2,
39.6,-106.55,1040,2019-03-13,1:00,-1.2,64,64,"43,537.04",3,Trigger
39.6,-106.55,1040,2019-03-13,2:00,-2,64,64,"43,537.08",4,Trigger
39.6,-106.55,1040,2019-03-13,3:00,-2.2,65,65,"43,537.13",4,Trigger
39.6,-106.55,1040,2019-03-13,4:00,-2.5,65,65,"43,537.17",4,Trigger
39.6,-106.55,1040,2019-03-13,5:00,-3,66,66,"43,537.21",5,Trigger
39.6,-106.55,1040,2019-03-13,6:00,-3.2,67,67,"43,537.25",6,Trigger
39.6,-106.55,1040,2019-03-13,7:00,-3.6,68,68,"43,537.29",7,Trigger
39.6,-106.55,1040,2019-03-13,8:00,-3.8,68,68,"43,537.33",7,Trigger
39.6,-106.55,1040,2019-03-13,9:00,-3.8,69,69,"43,537.38",8,Trigger
39.6,-106.55,1040,2019-03-13,10:00,-4.4,69,69,"43,537.42",8,Trigger
39.6,-106.55,1040,2019-03-13,11:00,-4.9,70,70,"43,537.46",9,Trigger
39.6,-106.55,1040,2019-03-13,12:00,-5.9,70,70,"43,537.50",7,Trigger
39.6,-106.55,1040,2019-03-13,13:00,-6.3,70,70,"43,537.54",6,Trigger
39.6,-106.55,1040,2019-03-13,14:00,-6.2,70,70,"43,537.58",6,Trigger
39.6,-106.55,1040,2019-03-13,15:00,-6.6,70,70,"43,537.63",5,Trigger
39.6,-106.55,1040,2019-03-13,16:00,-8.7,70,70,"43,537.67",5,Trigger
39.6,-106.55,1040,2019-03-13,17:00,-9.6,70,70,"43,537.71",4,Trigger
39.6,-106.55,1040,2019-03-13,18:00,-9.7,71,71,"43,537.75",4,Trigger
39.6,-106.55,1040,2019-03-13,19:00,-10.5,71,71,"43,537.79",3,Trigger
39.6,-106.55,1040,2019-03-13,20:00,-10.6,71,71,"43,537.83",3,Trigger
39.6,-106.55,1040,2019-03-13,21:00,-10.8,71,71,"43,537.88",2,
39.6,-106.55,1040,2019-03-13,22:00,-10.8,71,71,"43,537.92",2,
39.6,-106.55,1040,2019-03-13,23:00,-11,69,69,"43,537.96",-1,
39.6,-106.55,1040,2019-03-14,0:00,-11.3,71,71,"43,538.00",1,
39.6,-106.55,1040,2019-03-14,1:00,-11.6,69,69,"43,538.04",-1,
39.6,-106.55,1040,2019-03-14,2:00,-11.9,71,71,"43,538.08",1,
39.6,-106.55,1040,2019-03-14,3:00,-11.8,71,71,"43,538.13",1,
39.6,-106.55,1040,2019-03-14,4:00,-12.2,71,71,"43,538.17",1,
39.6,-106.55,1040,2019-03-14,5:00,-12.6,71,71,"43,538.21",1,
39.6,-106.55,1040,2019-03-14,6:00,-12,71,71,"43,538.25",0,
39.6,-106.55,1040,2019-03-14,7:00,-9.7,69,69,"43,538.29",-2,
39.6,-106.55,1040,2019-03-14,8:00,-6.3,69,69,"43,538.33",-2,
39.6,-106.55,1040,2019-03-14,9:00,-4.6,70,70,"43,538.38",-1,
39.6,-106.55,1040,2019-03-14,10:00,-3.1,69,69,"43,538.42",-2,
39.6,-106.55,1040,2019-03-14,11:00,-3.9,69,69,"43,538.46",0,
39.6,-106.55,1040,2019-03-14,12:00,-1.3,68,68,"43,538.50",-3,
39.6,-106.55,1040,2019-03-14,13:00,-3.1,68,68,"43,538.54",-1,
39.6,-106.55,1040,2019-03-14,14:00,-4.4,68,68,"43,538.58",-3,
39.6,-106.55,1040,2019-03-14,15:00,-5.2,68,68,"43,538.63",-3,
39.6,-106.55,1040,2019-03-14,16:00,-6.9,69,69,"43,538.67",-2,
39.6,-106.55,1040,2019-03-14,17:00,-9.7,69,69,"43,538.71",-2,
39.6,-106.55,1040,2019-03-14,18:00,-11.9,69,69,"43,538.75",-2,
39.6,-106.55,1040,2019-03-14,19:00,-10.2,69,69,"43,538.79",0,
39.6,-106.55,1040,2019-03-14,20:00,-10.4,69,69,"43,538.83",0,
39.6,-106.55,1040,2019-03-14,21:00,-10.8,69,69,"43,538.88",-1,
39.6,-106.55,1040,2019-03-14,22:00,-10.3,69,69,"43,538.92",0,
39.6,-106.55,1040,2019-03-14,23:00,-10.6,69,69,"43,538.96",0,
39.6,-106.55,1040,2019-03-15,0:00,-11.1,69,69,"43,539.00",1,
39.6,-106.55,1040,2019-03-15,1:00,-11.4,69,69,"43,539.04",1,
39.6,-106.55,1040,2019-03-15,2:00,-12.8,69,69,"43,539.08",1,
39.6,-106.55,1040,2019-03-15,3:00,-13.7,69,69,"43,539.13",1,
39.6,-106.55,1040,2019-03-15,4:00,-15.6,68,68,"43,539.17",-1,
39.6,-106.55,1040,2019-03-15,5:00,-16.1,69,69,"43,539.21",0,
39.6,-106.55,1040,2019-03-15,6:00,-16.1,68,68,"43,539.25",-1,
39.6,-106.55,1040,2019-03-15,7:00,-10.8,67,67,"43,539.29",-2,
39.6,-106.55,1040,2019-03-15,8:00,-8.6,67,67,"43,539.33",-2,
39.6,-106.55,1040,2019-03-15,9:00,-7,66,66,"43,539.38",-3,
39.6,-106.55,1040,2019-03-15,10:00,-4.2,66,66,"43,539.42",-3,
39.6,-106.55,1040,2019-03-15,11:00,-4.5,66,66,"43,539.46",-3,
39.6,-106.55,1040,2019-03-15,12:00,-1.4,66,66,"43,539.50",-3,
39.6,-106.55,1040,2019-03-15,13:00,-1.3,65,65,"43,539.54",-4,
39.6,-106.55,1040,2019-03-15,14:00,-1.1,65,65,"43,539.58",-4,
39.6,-106.55,1040,2019-03-15,15:00,-1.4,66,66,"43,539.63",-3,
39.6,-106.55,1040,2019-03-15,16:00,-2.7,66,66,"43,539.67",-2,
39.6,-106.55,1040,2019-03-15,17:00,-6.7,66,66,"43,539.71",-3,
39.6,-106.55,1040,2019-03-15,18:00,-8.8,67,67,"43,539.75",-1,
39.6,-106.55,1040,2019-03-15,19:00,-6.8,67,67,"43,539.79",0,
39.6,-106.55,1040,2019-03-15,20:00,-9,67,67,"43,539.83",0,
39.6,-106.55,1040,2019-03-15,21:00,-7.4,67,67,"43,539.88",1,
39.6,-106.55,1040,2019-03-15,22:00,-9.4,67,67,"43,539.92",1,
39.6,-106.55,1040,2019-03-15,23:00,-7.8,67,67,"43,539.96",1,
39.6,-106.55,1040,2019-03-16,0:00,-8.9,67,67,"43,540.00",1,
39.6,-106.55,1040,2019-03-16,1:00,-8.3,66,66,"43,540.04",1,
39.6,-106.55,1040,2019-03-16,2:00,-8.4,66,66,"43,540.08",1,
39.6,-106.55,1040,2019-03-16,3:00,-9.9,66,66,"43,540.13",0,
39.6,-106.55,1040,2019-03-16,4:00,-11.1,67,67,"43,540.17",1,
39.6,-106.55,1040,2019-03-16,5:00,-10.4,67,67,"43,540.21",1,
39.6,-106.55,1040,2019-03-16,6:00,-9.6,66,66,"43,540.25",-1,
39.6,-106.55,1040,2019-03-16,7:00,-4.5,65,65,"43,540.29",-2,
39.6,-106.55,1040,2019-03-16,8:00,-1.8,64,64,"43,540.33",-3,
39.6,-106.55,1040,2019-03-16,9:00,-1,64,64,"43,540.38",-3,
39.6,-106.55,1040,2019-03-16,10:00,4.6,64,64,"43,540.42",-3,
39.6,-106.55,1040,2019-03-16,11:00,5.6,63,63,"43,540.46",-4,
39.6,-106.55,1040,2019-03-16,12:00,5.7,64,64,"43,540.50",-3,
39.6,-106.55,1040,2019-03-16,13:00,5.8,63,63,"43,540.54",-3,
39.6,-106.55,1040,2019-03-16,14:00,4.1,63,63,"43,540.58",-3,
39.6,-106.55,1040,2019-03-16,15:00,3.2,63,63,"43,540.63",-3,
39.6,-106.55,1040,2019-03-16,16:00,1.2,64,64,"43,540.67",-3,
39.6,-106.55,1040,2019-03-16,17:00,-2.7,64,64,"43,540.71",-3,
39.6,-106.55,1040,2019-03-16,18:00,-4,65,65,"43,540.75",-1,
39.6,-106.55,1040,2019-03-16,19:00,-5.5,65,65,"43,540.79",0,
39.6,-106.55,1040,2019-03-16,20:00,-4.7,65,65,"43,540.83",1,
39.6,-106.55,1040,2019-03-16,21:00,-5.8,65,65,"43,540.88",1,
39.6,-106.55,1040,2019-03-16,22:00,-5.7,64,64,"43,540.92",0,
39.6,-106.55,1040,2019-03-16,23:00,-6.7,65,65,"43,540.96",2,
39.6,-106.55,1040,2019-03-17,0:00,-7.8,65,65,"43,541.00",1,
39.6,-106.55,1040,2019-03-17,1:00,-6.5,65,65,"43,541.04",2,
39.6,-106.55,1040,2019-03-17,2:00,-7,65,65,"43,541.08",2,
39.6,-106.55,1040,2019-03-17,3:00,-7.4,65,65,"43,541.13",2,
39.6,-106.55,1040,2019-03-17,4:00,-6.7,64,64,"43,541.17",0,
39.6,-106.55,1040,2019-03-17,5:00,-7.6,64,64,"43,541.21",0,
39.6,-106.55,1040,2019-03-17,6:00,-7.6,64,64,"43,541.25",-1,
39.6,-106.55,1040,2019-03-17,7:00,0.2,63,63,"43,541.29",-2,
39.6,-106.55,1040,2019-03-17,8:00,-0.8,63,63,"43,541.33",-2,
39.6,-106.55,1040,2019-03-17,9:00,0.3,63,63,"43,541.38",-2,
39.6,-106.55,1040,2019-03-17,10:00,5.8,62,62,"43,541.42",-2,
39.6,-106.55,1040,2019-03-17,11:00,4.9,62,62,"43,541.46",-3,
39.6,-106.55,1040,2019-03-17,12:00,4.5,62,62,"43,541.50",-3,
39.6,-106.55,1040,2019-03-17,13:00,4.8,62,62,"43,541.54",-3,
39.6,-106.55,1040,2019-03-17,14:00,5.2,61,61,"43,541.58",-4,
39.6,-106.55,1040,2019-03-17,15:00,4.4,62,62,"43,541.63",-3,
39.6,-106.55,1040,2019-03-17,16:00,2.5,62,62,"43,541.67",-2,
39.6,-106.55,1040,2019-03-17,17:00,-0.4,63,63,"43,541.71",-1,
39.6,-106.55,1040,2019-03-17,18:00,-1.2,63,63,"43,541.75",-1,
39.6,-106.55,1040,2019-03-17,19:00,-1.2,63,63,"43,541.79",0,
39.6,-106.55,1040,2019-03-17,20:00,-3.7,63,63,"43,541.83",0,
39.6,-106.55,1040,2019-03-17,21:00,-2.7,63,63,"43,541.88",0,
39.6,-106.55,1040,2019-03-17,22:00,-5,64,64,"43,541.92",2,
39.6,-106.55,1040,2019-03-17,23:00,-3.1,63,63,"43,541.96",1,
39.6,-106.55,1040,2019-03-18,0:00,-5.4,63,63,"43,542.00",1,
39.6,-106.55,1040,2019-03-18,1:00,-5.8,63,63,"43,542.04",1,
39.6,-106.55,1040,2019-03-18,2:00,-5.3,63,63,"43,542.08",2,
39.6,-106.55,1040,2019-03-18,3:00,-5.5,63,63,"43,542.13",1,
39.6,-106.55,1040,2019-03-18,4:00,-5.4,63,63,"43,542.17",1,
39.6,-106.55,1040,2019-03-18,5:00,-5.3,63,63,"43,542.21",0,
39.6,-106.55,1040,2019-03-18,6:00,-4.6,63,63,"43,542.25",0,
39.6,-106.55,1040,2019-03-18,7:00,-1.2,62,62,"43,542.29",-1,
39.6,-106.55,1040,2019-03-18,8:00,1.4,61,61,"43,542.33",-2,
39.6,-106.55,1040,2019-03-18,9:00,3.3,61,61,"43,542.38",-2,
39.6,-106.55,1040,2019-03-18,10:00,4.4,61,61,"43,542.42",-3,
39.6,-106.55,1040,2019-03-18,11:00,5.5,61,61,"43,542.46",-2,
39.6,-106.55,1040,2019-03-18,12:00,4,61,61,"43,542.50",-2,
39.6,-106.55,1040,2019-03-18,13:00,5.4,61,61,"43,542.54",-2,
39.6,-106.55,1040,2019-03-18,14:00,4.4,61,61,"43,542.58",-2,
39.6,-106.55,1040,2019-03-18,15:00,2.8,61,61,"43,542.63",-2,
39.6,-106.55,1040,2019-03-18,16:00,1.6,61,61,"43,542.67",-2,
39.6,-106.55,1040,2019-03-18,17:00,0.5,62,62,"43,542.71",-1,
39.6,-106.55,1040,2019-03-18,18:00,0.2,62,62,"43,542.75",-1,
39.6,-106.55,1040,2019-03-18,19:00,-1.2,62,62,"43,542.79",0,
39.6,-106.55,1040,2019-03-18,20:00,-2,62,62,"43,542.83",1,
39.6,-106.55,1040,2019-03-18,21:00,-2.5,62,62,"43,542.88",1,
39.6,-106.55,1040,2019-03-18,22:00,-2.7,62,62,"43,542.92",1,
39.6,-106.55,1040,2019-03-18,23:00,-3.4,62,62,"43,542.96",1,
39.6,-106.55,1040,2019-03-19,0:00,-4.1,62,62,"43,543.00",1,
39.6,-106.55,1040,2019-03-19,1:00,-5.8,62,62,"43,543.04",1,
39.6,-106.55,1040,2019-03-19,2:00,-6,62,62,"43,543.08",1,
39.6,-106.55,1040,2019-03-19,3:00,-6.5,62,62,"43,543.13",1,
39.6,-106.55,1040,2019-03-19,4:00,-7,62,62,"43,543.17",1,
39.6,-106.55,1040,2019-03-19,5:00,-9.2,62,62,"43,543.21",0,
39.6,-106.55,1040,2019-03-19,6:00,-8.3,62,62,"43,543.25",0,
39.6,-106.55,1040,2019-03-19,7:00,-4.8,61,61,"43,543.29",-1,
39.6,-106.55,1040,2019-03-19,8:00,0.2,60,60,"43,543.33",-2,
39.6,-106.55,1040,2019-03-19,9:00,2.4,59,59,"43,543.38",-3,
39.6,-106.55,1040,2019-03-19,10:00,2.2,59,59,"43,543.42",-3,
39.6,-106.55,1040,2019-03-19,11:00,0.5,60,60,"43,543.46",-2,
39.6,-106.55,1040,2019-03-19,12:00,1.1,60,60,"43,543.50",-2,
39.6,-106.55,1040,2019-03-19,13:00,-0.2,60,60,"43,543.54",-2,
39.6,-106.55,1040,2019-03-19,14:00,0.1,60,60,"43,543.58",-2,
39.6,-106.55,1040,2019-03-19,15:00,0.3,59,59,"43,543.63",-3,
39.6,-106.55,1040,2019-03-19,16:00,-1.4,60,60,"43,543.67",-2,
39.6,-106.55,1040,2019-03-19,17:00,-3.8,61,61,"43,543.71",-1,
39.6,-106.55,1040,2019-03-19,18:00,-8,61,61,"43,543.75",-1,
39.6,-106.55,1040,2019-03-19,19:00,-5.9,61,61,"43,543.79",0,
39.6,-106.55,1040,2019-03-19,20:00,-7.4,61,61,"43,543.83",1,
39.6,-106.55,1040,2019-03-19,21:00,-8.5,61,61,"43,543.88",2,
39.6,-106.55,1040,2019-03-19,22:00,-7.6,61,61,"43,543.92",2,
39.6,-106.55,1040,2019-03-19,23:00,-9.5,61,61,"43,543.96",1,
39.6,-106.55,1040,2019-03-20,0:00,-9.4,61,61,"43,544.00",1,
39.6,-106.55,1040,2019-03-20,1:00,-10.5,61,61,"43,544.04",1,
39.6,-106.55,1040,2019-03-20,2:00,-8.9,60,60,"43,544.08",0,
39.6,-106.55,1040,2019-03-20,3:00,-10.1,60,60,"43,544.13",1,
39.6,-106.55,1040,2019-03-20,4:00,-11.3,61,61,"43,544.17",1,
39.6,-106.55,1040,2019-03-20,5:00,-10.5,61,61,"43,544.21",0,
39.6,-106.55,1040,2019-03-20,6:00,-9,61,61,"43,544.25",0,
39.6,-106.55,1040,2019-03-20,7:00,-4.4,59,59,"43,544.29",-2,
39.6,-106.55,1040,2019-03-20,8:00,-1.4,58,58,"43,544.33",-3,
39.6,-106.55,1040,2019-03-20,9:00,-0.3,58,58,"43,544.38",-3,
39.6,-106.55,1040,2019-03-20,10:00,4.1,58,58,"43,544.42",-3,
39.6,-106.55,1040,2019-03-20,11:00,4.1,58,58,"43,544.46",-3,
39.6,-106.55,1040,2019-03-20,12:00,5.9,58,58,"43,544.50",-3,
39.6,-106.55,1040,2019-03-20,13:00,6.1,58,58,"43,544.54",-3,
39.6,-106.55,1040,2019-03-20,14:00,5.9,58,58,"43,544.58",-2,
39.6,-106.55,1040,2019-03-20,15:00,4.8,58,58,"43,544.63",-2,
39.6,-106.55,1040,2019-03-20,16:00,3.7,59,59,"43,544.67",-2,
39.6,-106.55,1040,2019-03-20,17:00,1.8,59,59,"43,544.71",-2,
39.6,-106.55,1040,2019-03-20,18:00,-0.4,59,59,"43,544.75",-2,
39.6,-106.55,1040,2019-03-20,19:00,-0.9,60,60,"43,544.79",1,
39.6,-106.55,1040,2019-03-20,20:00,-1.8,60,60,"43,544.83",2,
39.6,-106.55,1040,2019-03-20,21:00,0.6,60,60,"43,544.88",2,
39.6,-106.55,1040,2019-03-20,22:00,1.2,60,60,"43,544.92",2,
39.6,-106.55,1040,2019-03-20,23:00,-1,60,60,"43,544.96",2,
39.6,-106.55,1040,2019-03-21,0:00,-3.5,60,60,"43,545.00",2,
39.6,-106.55,1040,2019-03-21,1:00,-4.4,60,60,"43,545.04",2,
39.6,-106.55,1040,2019-03-21,2:00,0.3,60,60,"43,545.08",2,
39.6,-106.55,1040,2019-03-21,3:00,-1.8,59,59,"43,545.13",1,
39.6,-106.55,1040,2019-03-21,4:00,-1.8,60,60,"43,545.17",1,
39.6,-106.55,1040,2019-03-21,5:00,-2.5,60,60,"43,545.21",1,
39.6,-106.55,1040,2019-03-21,6:00,1.2,59,59,"43,545.25",0,
39.6,-106.55,1040,2019-03-21,7:00,-0.7,59,59,"43,545.29",-1,
39.6,-106.55,1040,2019-03-21,8:00,-0.3,59,59,"43,545.33",-1,
39.6,-106.55,1040,2019-03-21,9:00,2.3,59,59,"43,545.38",-1,
39.6,-106.55,1040,2019-03-21,10:00,4.8,58,58,"43,545.42",-2,
39.6,-106.55,1040,2019-03-21,11:00,3.9,59,59,"43,545.46",-1,
39.6,-106.55,1040,2019-03-21,12:00,5.8,58,58,"43,545.50",-2,
39.6,-106.55,1040,2019-03-21,13:00,6,58,58,"43,545.54",-2,
39.6,-106.55,1040,2019-03-21,14:00,6.2,58,58,"43,545.58",-2,
39.6,-106.55,1040,2019-03-21,15:00,5.7,58,58,"43,545.63",-1,
39.6,-106.55,1040,2019-03-21,16:00,4.2,58,58,"43,545.67",-2,
39.6,-106.55,1040,2019-03-21,17:00,3.3,59,59,"43,545.71",-1,
39.6,-106.55,1040,2019-03-21,18:00,-0.3,59,59,"43,545.75",0,
39.6,-106.55,1040,2019-03-21,19:00,-2.5,59,59,"43,545.79",0,
39.6,-106.55,1040,2019-03-21,20:00,-1.8,59,59,"43,545.83",0,
39.6,-106.55,1040,2019-03-21,21:00,-3.4,59,59,"43,545.88",0,
39.6,-106.55,1040,2019-03-21,22:00,-3.9,59,59,"43,545.92",1,
39.6,-106.55,1040,2019-03-21,23:00,-3.1,59,59,"43,545.96",0,
39.6,-106.55,1040,2019-03-22,0:00,-3.4,59,59,"43,546.00",1,
39.6,-106.55,1040,2019-03-22,1:00,-4.2,59,59,"43,546.04",1,
39.6,-106.55,1040,2019-03-22,2:00,-5,59,59,"43,546.08",1,
39.6,-106.55,1040,2019-03-22,3:00,-4.8,59,59,"43,546.13",1,
39.6,-106.55,1040,2019-03-22,4:00,-4.5,59,59,"43,546.17",1,
39.6,-106.55,1040,2019-03-22,5:00,-4.7,59,59,"43,546.21",0,
39.6,-106.55,1040,2019-03-22,6:00,-4.2,59,59,"43,546.25",0,
39.6,-106.55,1040,2019-03-22,7:00,1.8,57,57,"43,546.29",-2,
39.6,-106.55,1040,2019-03-22,8:00,1.8,57,57,"43,546.33",-2,
39.6,-106.55,1040,2019-03-22,9:00,-0.7,58,58,"43,546.38",-1,
39.6,-106.55,1040,2019-03-22,10:00,1.5,57,57,"43,546.42",-2,
39.6,-106.55,1040,2019-03-22,11:00,0.2,57,57,"43,546.46",-2,
39.6,-106.55,1040,2019-03-22,12:00,-1.5,58,58,"43,546.50",-1,
39.6,-106.55,1040,2019-03-22,13:00,-1.8,59,59,"43,546.54",0,
39.6,-106.55,1040,2019-03-22,14:00,-1.1,59,59,"43,546.58",0,
39.6,-106.55,1040,2019-03-22,15:00,-1.3,58,58,"43,546.63",-1,
39.6,-106.55,1040,2019-03-22,16:00,-1,59,59,"43,546.67",0,
39.6,-106.55,1040,2019-03-22,17:00,-3.2,59,59,"43,546.71",0,
39.6,-106.55,1040,2019-03-22,18:00,-3.6,59,59,"43,546.75",0,
39.6,-106.55,1040,2019-03-22,19:00,-4.1,59,59,"43,546.79",2,
39.6,-106.55,1040,2019-03-22,20:00,-3.9,59,59,"43,546.83",2,
39.6,-106.55,1040,2019-03-22,21:00,-4.6,59,59,"43,546.88",1,
39.6,-106.55,1040,2019-03-22,22:00,-4.6,59,59,"43,546.92",2,
39.6,-106.55,1040,2019-03-22,23:00,-4.6,59,59,"43,546.96",2,
39.6,-106.55,1040,2019-03-23,0:00,-4.5,59,59,"43,547.00",1,
39.6,-106.55,1040,2019-03-23,1:00,-5.3,59,59,"43,547.04",0,
39.6,-106.55,1040,2019-03-23,2:00,-5.2,59,59,"43,547.08",0,
39.6,-106.55,1040,2019-03-23,3:00,-4.7,59,59,"43,547.13",1,
39.6,-106.55,1040,2019-03-23,4:00,-4.9,59,59,"43,547.17",0,
39.6,-106.55,1040,2019-03-23,5:00,-5.4,59,59,"43,547.21",0,
39.6,-106.55,1040,2019-03-23,6:00,-4.7,59,59,"43,547.25",0,
39.6,-106.55,1040,2019-03-23,7:00,-3.6,58,58,"43,547.29",-1,
39.6,-106.55,1040,2019-03-23,8:00,-2.3,58,58,"43,547.33",-1,
39.6,-106.55,1040,2019-03-23,9:00,-1.1,58,58,"43,547.38",-1,
39.6,-106.55,1040,2019-03-23,10:00,-0.4,57,57,"43,547.42",-2,
39.6,-106.55,1040,2019-03-23,11:00,0.2,57,57,"43,547.46",-2,
39.6,-106.55,1040,2019-03-23,12:00,1,57,57,"43,547.50",-2,
39.6,-106.55,1040,2019-03-23,13:00,2,57,57,"43,547.54",-2,
39.6,-106.55,1040,2019-03-23,14:00,1.2,58,58,"43,547.58",-1,
39.6,-106.55,1040,2019-03-23,15:00,1.4,57,57,"43,547.63",-2,
39.6,-106.55,1040,2019-03-23,16:00,0.6,58,58,"43,547.67",-1,
39.6,-106.55,1040,2019-03-23,17:00,-0.8,58,58,"43,547.71",-1,
39.6,-106.55,1040,2019-03-23,18:00,-1.8,58,58,"43,547.75",-1,
39.6,-106.55,1040,2019-03-23,19:00,-3.4,58,58,"43,547.79",0,
39.6,-106.55,1040,2019-03-23,20:00,-2.3,58,58,"43,547.83",0,
39.6,-106.55,1040,2019-03-23,21:00,-2.8,58,58,"43,547.88",0,
39.6,-106.55,1040,2019-03-23,22:00,-4,59,59,"43,547.92",2,
39.6,-106.55,1040,2019-03-23,23:00,-4.6,58,58,"43,547.96",1,
39.6,-106.55,1040,2019-03-24,0:00,-3.7,58,58,"43,548.00",1,
39.6,-106.55,1040,2019-03-24,1:00,-3.5,58,58,"43,548.04",1,
39.6,-106.55,1040,2019-03-24,2:00,-3.6,58,58,"43,548.08",0,
39.6,-106.55,1040,2019-03-24,3:00,-4,58,58,"43,548.13",1,
39.6,-106.55,1040,2019-03-24,4:00,-3.6,58,58,"43,548.17",0,
39.6,-106.55,1040,2019-03-24,5:00,-4.2,58,58,"43,548.21",0,
39.6,-106.55,1040,2019-03-24,6:00,-2.8,58,58,"43,548.25",0,
39.6,-106.55,1040,2019-03-24,7:00,-1.2,58,58,"43,548.29",0,
39.6,-106.55,1040,2019-03-24,8:00,0.8,57,57,"43,548.33",-1,
39.6,-106.55,1040,2019-03-24,9:00,-0.2,57,57,"43,548.38",-1,
39.6,-106.55,1040,2019-03-24,10:00,2.3,57,57,"43,548.42",-2,
39.6,-106.55,1040,2019-03-24,11:00,-0.2,58,58,"43,548.46",0,
39.6,-106.55,1040,2019-03-24,12:00,-2.1,58,58,"43,548.50",0,
39.6,-106.55,1040,2019-03-24,13:00,-0.3,58,58,"43,548.54",0,
39.6,-106.55,1040,2019-03-24,14:00,1.3,58,58,"43,548.58",0,
39.6,-106.55,1040,2019-03-24,15:00,1.5,58,58,"43,548.63",0,
39.6,-106.55,1040,2019-03-24,16:00,-0.4,58,58,"43,548.67",0,
39.6,-106.55,1040,2019-03-24,17:00,-1.3,58,58,"43,548.71",0,
39.6,-106.55,1040,2019-03-24,18:00,-3,59,59,"43,548.75",1,
39.6,-106.55,1040,2019-03-24,19:00,-3.1,59,59,"43,548.79",1,
39.6,-106.55,1040,2019-03-24,20:00,-3.1,58,58,"43,548.83",1,
39.6,-106.55,1040,2019-03-24,21:00,-3.1,60,60,"43,548.88",3,Trigger
39.6,-106.55,1040,2019-03-24,22:00,-3.6,60,60,"43,548.92",3,Trigger
39.6,-106.55,1040,2019-03-24,23:00,-4.3,60,60,"43,548.96",2,
39.6,-106.55,1040,2019-03-25,0:00,-3.1,60,60,"43,549.00",2,
39.6,-106.55,1040,2019-03-25,1:00,-3.6,60,60,"43,549.04",2,
39.6,-106.55,1040,2019-03-25,2:00,-3.5,60,60,"43,549.08",2,
39.6,-106.55,1040,2019-03-25,3:00,-5.4,60,60,"43,549.13",2,
39.6,-106.55,1040,2019-03-25,4:00,-4.2,60,60,"43,549.17",2,
39.6,-106.55,1040,2019-03-25,5:00,-4.5,60,60,"43,549.21",2,
39.6,-106.55,1040,2019-03-25,6:00,-4.7,60,60,"43,549.25",1,
39.6,-106.55,1040,2019-03-25,7:00,-2.1,59,59,"43,549.29",0,
39.6,-106.55,1040,2019-03-25,8:00,2,58,58,"43,549.33",0,
39.6,-106.55,1040,2019-03-25,9:00,4.4,57,57,"43,549.38",-3,
39.6,-106.55,1040,2019-03-25,10:00,7.1,57,57,"43,549.42",-3,
39.6,-106.55,1040,2019-03-25,11:00,5.1,57,57,"43,549.46",-3,
39.6,-106.55,1040,2019-03-25,12:00,5,57,57,"43,549.50",-3,
39.6,-106.55,1040,2019-03-25,13:00,4.4,57,57,"43,549.54",-3,
39.6,-106.55,1040,2019-03-25,14:00,3.9,57,57,"43,549.58",-3,
39.6,-106.55,1040,2019-03-25,15:00,3.9,57,57,"43,549.63",-3,
39.6,-106.55,1040,2019-03-25,16:00,2.9,57,57,"43,549.67",-3,
39.6,-106.55,1040,2019-03-25,17:00,1.1,58,58,"43,549.71",-2,
39.6,-106.55,1040,2019-03-25,18:00,-2.1,58,58,"43,549.75",-2,
39.6,-106.55,1040,2019-03-25,19:00,-1.5,58,58,"43,549.79",-1,
39.6,-106.55,1040,2019-03-25,20:00,-1.5,58,58,"43,549.83",0,
39.6,-106.55,1040,2019-03-25,21:00,-1.2,58,58,"43,549.88",1,
39.6,-106.55,1040,2019-03-25,22:00,-2,58,58,"43,549.92",1,
39.6,-106.55,1040,2019-03-25,23:00,-0.9,58,58,"43,549.96",1,
39.6,-106.55,1040,2019-03-26,0:00,-0.6,58,58,"43,550.00",1,
39.6,-106.55,1040,2019-03-26,1:00,-2.7,58,58,"43,550.04",1,
39.6,-106.55,1040,2019-03-26,2:00,-3.5,58,58,"43,550.08",1,
39.6,-106.55,1040,2019-03-26,3:00,-0.3,58,58,"43,550.13",1,
39.6,-106.55,1040,2019-03-26,4:00,-2.2,58,58,"43,550.17",1,
39.6,-106.55,1040,2019-03-26,5:00,-2.9,58,58,"43,550.21",0,
39.6,-106.55,1040,2019-03-26,6:00,0.3,58,58,"43,550.25",0,
39.6,-106.55,1040,2019-03-26,7:00,2.3,57,57,"43,550.29",-1,
39.6,-106.55,1040,2019-03-26,8:00,5.5,56,56,"43,550.33",-2,
39.6,-106.55,1040,2019-03-26,9:00,6.9,56,56,"43,550.38",-2,
39.6,-106.55,1040,2019-03-26,10:00,6,56,56,"43,550.42",-2,
39.6,-106.55,1040,2019-03-26,11:00,10.7,55,55,"43,550.46",-3,
39.6,-106.55,1040,2019-03-26,12:00,8.9,56,56,"43,550.50",-2,
39.6,-106.55,1040,2019-03-26,13:00,9.6,55,55,"43,550.54",-3,
39.6,-106.55,1040,2019-03-26,14:00,8.7,55,55,"43,550.58",-3,
39.6,-106.55,1040,2019-03-26,15:00,8.2,56,56,"43,550.63",-2,
39.6,-106.55,1040,2019-03-26,16:00,8.2,56,56,"43,550.67",-2,
39.6,-106.55,1040,2019-03-26,17:00,7.2,56,56,"43,550.71",-2,
39.6,-106.55,1040,2019-03-26,18:00,5.1,57,57,"43,550.75",-1,
39.6,-106.55,1040,2019-03-26,19:00,3.7,56,56,"43,550.79",-1,
39.6,-106.55,1040,2019-03-26,20:00,2.9,57,57,"43,550.83",1,
39.6,-106.55,1040,2019-03-26,21:00,2.7,57,57,"43,550.88",1,
39.6,-106.55,1040,2019-03-26,22:00,3,57,57,"43,550.92",1,
39.6,-106.55,1040,2019-03-26,23:00,1.6,57,57,"43,550.96",2,
39.6,-106.55,1040,2019-03-27,0:00,1.6,57,57,"43,551.00",1,
39.6,-106.55,1040,2019-03-27,1:00,2,57,57,"43,551.04",2,
39.6,-106.55,1040,2019-03-27,2:00,2.8,57,57,"43,551.08",2,
39.6,-106.55,1040,2019-03-27,3:00,2.2,56,56,"43,551.13",0,
39.6,-106.55,1040,2019-03-27,4:00,2,56,56,"43,551.17",0,
39.6,-106.55,1040,2019-03-27,5:00,1.2,56,56,"43,551.21",0,
39.6,-106.55,1040,2019-03-27,6:00,2.1,56,56,"43,551.25",-1,
39.6,-106.55,1040,2019-03-27,7:00,5.5,55,55,"43,551.29",-1,
39.6,-106.55,1040,2019-03-27,8:00,6.9,55,55,"43,551.33",-2,
39.6,-106.55,1040,2019-03-27,9:00,8.1,55,55,"43,551.38",-2,
39.6,-106.55,1040,2019-03-27,10:00,10.2,54,54,"43,551.42",-3,
39.6,-106.55,1040,2019-03-27,11:00,9.5,54,54,"43,551.46",-3,
39.6,-106.55,1040,2019-03-27,12:00,10.2,54,54,"43,551.50",-3,
39.6,-106.55,1040,2019-03-27,13:00,13.6,53,53,"43,551.54",-4,
39.6,-106.55,1040,2019-03-27,14:00,12.3,54,54,"43,551.58",-3,
39.6,-106.55,1040,2019-03-27,15:00,9.8,54,54,"43,551.63",-2,
39.6,-106.55,1040,2019-03-27,16:00,8.6,54,54,"43,551.67",-2,
39.6,-106.55,1040,2019-03-27,17:00,6.7,54,54,"43,551.71",-2,
39.6,-106.55,1040,2019-03-27,18:00,5.6,54,54,"43,551.75",-2,
39.6,-106.55,1040,2019-03-27,19:00,6,55,55,"43,551.79",0,
39.6,-106.55,1040,2019-03-27,20:00,5.1,55,55,"43,551.83",0,
39.6,-106.55,1040,2019-03-27,21:00,6.6,55,55,"43,551.88",0,
39.6,-106.55,1040,2019-03-27,22:00,6.2,55,55,"43,551.92",1,
39.6,-106.55,1040,2019-03-27,23:00,4.6,55,55,"43,551.96",1,
39.6,-106.55,1040,2019-03-28,0:00,4.4,55,55,"43,552.00",1,
39.6,-106.55,1040,2019-03-28,1:00,4.9,54,54,"43,552.04",1,
39.6,-106.55,1040,2019-03-28,2:00,4.8,55,55,"43,552.08",1,
39.6,-106.55,1040,2019-03-28,3:00,4.5,55,55,"43,552.13",1,
39.6,-106.55,1040,2019-03-28,4:00,3.8,55,55,"43,552.17",1,
39.6,-106.55,1040,2019-03-28,5:00,3.2,55,55,"43,552.21",1,
39.6,-106.55,1040,2019-03-28,6:00,4.7,54,54,"43,552.25",0,
39.6,-106.55,1040,2019-03-28,7:00,6.5,54,54,"43,552.29",-1,
39.6,-106.55,1040,2019-03-28,8:00,7.6,54,54,"43,552.33",-1,
39.6,-106.55,1040,2019-03-28,9:00,9.7,53,53,"43,552.38",-2,
39.6,-106.55,1040,2019-03-28,10:00,9.7,53,53,"43,552.42",-2,
39.6,-106.55,1040,2019-03-28,11:00,9.8,53,53,"43,552.46",-2,
39.6,-106.55,1040,2019-03-28,12:00,9.7,52,52,"43,552.50",-3,
39.6,-106.55,1040,2019-03-28,13:00,9.4,52,52,"43,552.54",-2,
39.6,-106.55,1040,2019-03-28,14:00,9,52,52,"43,552.58",-3,
39.6,-106.55,1040,2019-03-28,15:00,9,52,52,"43,552.63",-3,
39.6,-106.55,1040,2019-03-28,16:00,8.1,52,52,"43,552.67",-3,
39.6,-106.55,1040,2019-03-28,17:00,6.5,53,53,"43,552.71",-2,
39.6,-106.55,1040,2019-03-28,18:00,5.9,53,53,"43,552.75",-1,
39.6,-106.55,1040,2019-03-28,19:00,5.5,53,53,"43,552.79",-1,
39.6,-106.55,1040,2019-03-28,20:00,4.6,52,52,"43,552.83",-2,
39.6,-106.55,1040,2019-03-28,21:00,3.9,53,53,"43,552.88",0,
39.6,-106.55,1040,2019-03-28,22:00,4.8,53,53,"43,552.92",0,
39.6,-106.55,1040,2019-03-28,23:00,4.8,53,53,"43,552.96",0,
39.6,-106.55,1040,2019-03-29,0:00,3,53,53,"43,553.00",1,
39.6,-106.55,1040,2019-03-29,1:00,3.5,53,53,"43,553.04",1,
39.6,-106.55,1040,2019-03-29,2:00,3,53,53,"43,553.08",1,
39.6,-106.55,1040,2019-03-29,3:00,0.5,53,53,"43,553.13",1,
39.6,-106.55,1040,2019-03-29,4:00,-0.8,53,53,"43,553.17",1,
39.6,-106.55,1040,2019-03-29,5:00,-1.2,52,52,"43,553.21",-1,
39.6,-106.55,1040,2019-03-29,6:00,-1.4,52,52,"43,553.25",-1,
39.6,-106.55,1040,2019-03-29,7:00,-0.6,52,52,"43,553.29",-1,
39.6,-106.55,1040,2019-03-29,8:00,-0.7,52,52,"43,553.33",0,
39.6,-106.55,1040,2019-03-29,9:00,-2.8,52,52,"43,553.38",-1,
39.6,-106.55,1040,2019-03-29,10:00,-3.4,53,53,"43,553.42",0,
39.6,-106.55,1040,2019-03-29,11:00,4.7,51,51,"43,553.46",-2,
39.6,-106.55,1040,2019-03-29,12:00,-2,52,52,"43,553.50",-1,
39.6,-106.55,1040,2019-03-29,13:00,-0.6,52,52,"43,553.54",-1,
39.6,-106.55,1040,2019-03-29,14:00,-2.2,52,52,"43,553.58",-1,
39.6,-106.55,1040,2019-03-29,15:00,-3.1,53,53,"43,553.63",0,
39.6,-106.55,1040,2019-03-29,16:00,-3.1,53,53,"43,553.67",0,
39.6,-106.55,1040,2019-03-29,17:00,-5.8,53,53,"43,553.71",1,
39.6,-106.55,1040,2019-03-29,18:00,-6.2,53,53,"43,553.75",1,
39.6,-106.55,1040,2019-03-29,19:00,-6.2,52,52,"43,553.79",0,
39.6,-106.55,1040,2019-03-29,20:00,-5.9,52,52,"43,553.83",0,
39.6,-106.55,1040,2019-03-29,21:00,-6.2,54,54,"43,553.88",2,
39.6,-106.55,1040,2019-03-29,22:00,-6.6,54,54,"43,553.92",1,
39.6,-106.55,1040,2019-03-29,23:00,-6.1,54,54,"43,553.96",3,Trigger
39.6,-106.55,1040,2019-03-30,0:00,-6.4,54,54,"43,554.00",2,
39.6,-106.55,1040,2019-03-30,1:00,-6.8,55,55,"43,554.04",3,Trigger
39.6,-106.55,1040,2019-03-30,2:00,-6.9,54,54,"43,554.08",2,
39.6,-106.55,1040,2019-03-30,3:00,-7.1,55,55,"43,554.13",2,
39.6,-106.55,1040,2019-03-30,4:00,-7.2,55,55,"43,554.17",2,
39.6,-106.55,1040,2019-03-30,5:00,-8.8,55,55,"43,554.21",2,
39.6,-106.55,1040,2019-03-30,6:00,-7,55,55,"43,554.25",2,
39.6,-106.55,1040,2019-03-30,7:00,-6.3,55,55,"43,554.29",3,Trigger
39.6,-106.55,1040,2019-03-30,8:00,-3.9,54,54,"43,554.33",2,
39.6,-106.55,1040,2019-03-30,9:00,-3.9,53,53,"43,554.38",-1,
39.6,-106.55,1040,2019-03-30,10:00,-0.9,53,53,"43,554.42",-1,
39.6,-106.55,1040,2019-03-30,11:00,0.5,52,52,"43,554.46",-2,
39.6,-106.55,1040,2019-03-30,12:00,3.3,52,52,"43,554.50",-2,
39.6,-106.55,1040,2019-03-30,13:00,1.4,52,52,"43,554.54",-3,
39.6,-106.55,1040,2019-03-30,14:00,2.4,52,52,"43,554.58",-2,
39.6,-106.55,1040,2019-03-30,15:00,0.4,52,52,"43,554.63",-3,
39.6,-106.55,1040,2019-03-30,16:00,-0.3,53,53,"43,554.67",-2,
39.6,-106.55,1040,2019-03-30,17:00,-2.2,53,53,"43,554.71",-2,
39.6,-106.55,1040,2019-03-30,18:00,-4,53,53,"43,554.75",-2,
39.6,-106.55,1040,2019-03-30,19:00,-4.3,54,54,"43,554.79",-1,
39.6,-106.55,1040,2019-03-30,20:00,-5,54,54,"43,554.83",0,
39.6,-106.55,1040,2019-03-30,21:00,-6.6,54,54,"43,554.88",1,
39.6,-106.55,1040,2019-03-30,22:00,-6.6,53,53,"43,554.92",0,
39.6,-106.55,1040,2019-03-30,23:00,-6.6,53,53,"43,554.96",1,
39.6,-106.55,1040,2019-03-31,0:00,-8.2,54,54,"43,555.00",2,
39.6,-106.55,1040,2019-03-31,1:00,-8.3,53,53,"43,555.04",1,
39.6,-106.55,1040,2019-03-31,2:00,-8.6,54,54,"43,555.08",2,
39.6,-106.55,1040,2019-03-31,3:00,-7.9,53,53,"43,555.13",1,
39.6,-106.55,1040,2019-03-31,4:00,-7.9,54,54,"43,555.17",1,
39.6,-106.55,1040,2019-03-31,5:00,-8.4,54,54,"43,555.21",1,
39.6,-106.55,1040,2019-03-31,6:00,-6.5,53,53,"43,555.25",0,
39.6,-106.55,1040,2019-03-31,7:00,-3.1,52,52,"43,555.29",-2,
39.6,-106.55,1040,2019-03-31,8:00,-3.2,52,52,"43,555.33",-2,
39.6,-106.55,1040,2019-03-31,9:00,1.5,51,51,"43,555.38",-3,
39.6,-106.55,1040,2019-03-31,10:00,3.7,51,51,"43,555.42",-2,
39.6,-106.55,1040,2019-03-31,11:00,3.9,51,51,"43,555.46",-2,
39.6,-106.55,1040,2019-03-31,12:00,3.2,51,51,"43,555.50",-3,
39.6,-106.55,1040,2019-03-31,13:00,2.1,52,52,"43,555.54",-1,
39.6,-106.55,1040,2019-03-31,14:00,0.8,52,52,"43,555.58",-2,
39.6,-106.55,1040,2019-03-31,15:00,0,52,52,"43,555.63",-1,
39.6,-106.55,1040,2019-03-31,16:00,-0.1,52,52,"43,555.67",-2,
39.6,-106.55,1040,2019-03-31,17:00,-0.6,53,53,"43,555.71",-1,
39.6,-106.55,1040,2019-03-31,18:00,-1.6,53,53,"43,555.75",0,
39.6,-106.55,1040,2019-03-31,19:00,-2.9,53,53,"43,555.79",1,
39.6,-106.55,1040,2019-03-31,20:00,-3.2,53,53,"43,555.83",1,
39.6,-106.55,1040,2019-03-31,21:00,-4.1,53,53,"43,555.88",2,
39.6,-106.55,1040,2019-03-31,22:00,-5.9,53,53,"43,555.92",2,
39.6,-106.55,1040,2019-03-31,23:00,-5.8,53,53,"43,555.96",2,